id,firstname,lastname,email,email2,profession
100,Hildegaard,Genna,Hildegaard.Genna@yopmail.com,Hildegaard.Genna@gmail.com,worker
101,Hannis,Wolfgram,Hannis.Wolfgram@yopmail.com,Hannis.Wolfgram@gmail.com,doctor
102,Ilse,Seessel,Ilse.Seessel@yopmail.com,Ilse.Seessel@gmail.com,police officer
103,Tilly,Darbie,Tilly.Darbie@yopmail.com,Tilly.Darbie@gmail.com,developer
104,Merci,Anselmi,Merci.Anselmi@yopmail.com,Merci.Anselmi@gmail.com,police officer
105,Gisela,Rustice,Gisela.Rustice@yopmail.com,Gisela.Rustice@gmail.com,developer
106,Iseabal,Idelia,Iseabal.Idelia@yopmail.com,Iseabal.Idelia@gmail.com,doctor
107,Nanete,Mullane,Nanete.Mullane@yopmail.com,Nanete.Mullane@gmail.com,doctor
108,Dulce,Lubin,Dulce.Lubin@yopmail.com,Dulce.Lubin@gmail.com,firefighter
109,Mallory,Rodmann,Mallory.Rodmann@yopmail.com,Mallory.Rodmann@gmail.com,developer
110,Angelique,Clywd,Angelique.Clywd@yopmail.com,Angelique.Clywd@gmail.com,developer
111,Talya,Jarib,Talya.Jarib@yopmail.com,Talya.Jarib@gmail.com,developer
112,Elena,O'Rourke,Elena.O'Rourke@yopmail.com,Elena.O'Rourke@gmail.com,police officer
113,Riannon,Marijo,Riannon.Marijo@yopmail.com,Riannon.Marijo@gmail.com,firefighter
114,Gilda,Schwejda,Gilda.Schwejda@yopmail.com,Gilda.Schwejda@gmail.com,firefighter
115,Mallory,Alisia,Mallory.Alisia@yopmail.com,Mallory.Alisia@gmail.com,developer
116,Zondra,Atcliffe,Zondra.Atcliffe@yopmail.com,Zondra.Atcliffe@gmail.com,worker
117,Jere,Gombach,Jere.Gombach@yopmail.com,Jere.Gombach@gmail.com,police officer
118,Jordan,Talia,Jordan.Talia@yopmail.com,Jordan.Talia@gmail.com,worker
119,Miquela,Dalli,Miquela.Dalli@yopmail.com,Miquela.Dalli@gmail.com,developer
120,Elise,Hourigan,Elise.Hourigan@yopmail.com,Elise.Hourigan@gmail.com,doctor
121,Mahalia,Dudley,Mahalia.Dudley@yopmail.com,Mahalia.Dudley@gmail.com,doctor
122,Gisela,Thema,Gisela.Thema@yopmail.com,Gisela.Thema@gmail.com,developer
123,Arlena,Kazimir,Arlena.Kazimir@yopmail.com,Arlena.Kazimir@gmail.com,worker
124,Christian,Michella,Christian.Michella@yopmail.com,Christian.Michella@gmail.com,doctor
125,Susette,Chesna,Susette.Chesna@yopmail.com,Susette.Chesna@gmail.com,firefighter
126,Glynnis,Oster,Glynnis.Oster@yopmail.com,Glynnis.Oster@gmail.com,police officer
127,Bee,Barrus,Bee.Barrus@yopmail.com,Bee.Barrus@gmail.com,doctor
128,Jessy,Montgomery,Jessy.Montgomery@yopmail.com,Jessy.Montgomery@gmail.com,developer
129,Albertina,Reinke,Albertina.Reinke@yopmail.com,Albertina.Reinke@gmail.com,police officer
130,Cordi,Rudolph,Cordi.Rudolph@yopmail.com,Cordi.Rudolph@gmail.com,developer
131,Helsa,Velick,Helsa.Velick@yopmail.com,Helsa.Velick@gmail.com,police officer
132,Ilse,Allare,Ilse.Allare@yopmail.com,Ilse.Allare@gmail.com,developer
133,Paulita,Koziara,Paulita.Koziara@yopmail.com,Paulita.Koziara@gmail.com,worker
134,Joleen,Suzetta,Joleen.Suzetta@yopmail.com,Joleen.Suzetta@gmail.com,developer
135,Marsiella,Johanna,Marsiella.Johanna@yopmail.com,Marsiella.Johanna@gmail.com,doctor
136,Lilith,Hermes,Lilith.Hermes@yopmail.com,Lilith.Hermes@gmail.com,worker
137,Camile,Kirbee,Camile.Kirbee@yopmail.com,Camile.Kirbee@gmail.com,firefighter
138,Evita,Latini,Evita.Latini@yopmail.com,Evita.Latini@gmail.com,doctor
139,Anallese,Rubie,Anallese.Rubie@yopmail.com,Anallese.Rubie@gmail.com,doctor
140,Jinny,Koehler,Jinny.Koehler@yopmail.com,Jinny.Koehler@gmail.com,police officer
141,Lynnea,Lesley,Lynnea.Lesley@yopmail.com,Lynnea.Lesley@gmail.com,developer
142,Dagmar,Madaih,Dagmar.Madaih@yopmail.com,Dagmar.Madaih@gmail.com,developer
143,Chere,Stilwell,Chere.Stilwell@yopmail.com,Chere.Stilwell@gmail.com,doctor
144,Bertine,Heidt,Bertine.Heidt@yopmail.com,Bertine.Heidt@gmail.com,worker
145,Carmela,Naashom,Carmela.Naashom@yopmail.com,Carmela.Naashom@gmail.com,worker
146,Candi,Gordon,Candi.Gordon@yopmail.com,Candi.Gordon@gmail.com,doctor
147,Eve,Barbey,Eve.Barbey@yopmail.com,Eve.Barbey@gmail.com,police officer
148,Daune,Felizio,Daune.Felizio@yopmail.com,Daune.Felizio@gmail.com,police officer
149,Andree,Hortensia,Andree.Hortensia@yopmail.com,Andree.Hortensia@gmail.com,firefighter
150,Mellicent,Frodi,Mellicent.Frodi@yopmail.com,Mellicent.Frodi@gmail.com,developer
151,Ermengarde,Craggie,Ermengarde.Craggie@yopmail.com,Ermengarde.Craggie@gmail.com,firefighter
152,Bibby,Vanni,Bibby.Vanni@yopmail.com,Bibby.Vanni@gmail.com,worker
153,Kimberley,Rona,Kimberley.Rona@yopmail.com,Kimberley.Rona@gmail.com,worker
154,Alia,McNully,Alia.McNully@yopmail.com,Alia.McNully@gmail.com,doctor
155,Annabela,Mata,Annabela.Mata@yopmail.com,Annabela.Mata@gmail.com,developer
156,Jaclyn,Barrus,Jaclyn.Barrus@yopmail.com,Jaclyn.Barrus@gmail.com,doctor
157,Angelique,Winthorpe,Angelique.Winthorpe@yopmail.com,Angelique.Winthorpe@gmail.com,worker
158,Chrystel,Diann,Chrystel.Diann@yopmail.com,Chrystel.Diann@gmail.com,police officer
159,Tina,Anton,Tina.Anton@yopmail.com,Tina.Anton@gmail.com,firefighter
160,Lolita,Marden,Lolita.Marden@yopmail.com,Lolita.Marden@gmail.com,police officer
161,Calla,Niccolo,Calla.Niccolo@yopmail.com,Calla.Niccolo@gmail.com,worker
162,Talya,Dermott,Talya.Dermott@yopmail.com,Talya.Dermott@gmail.com,worker
163,Fina,Cullin,Fina.Cullin@yopmail.com,Fina.Cullin@gmail.com,developer
164,Dacia,Olnee,Dacia.Olnee@yopmail.com,Dacia.Olnee@gmail.com,developer
165,Elbertina,Kiersten,Elbertina.Kiersten@yopmail.com,Elbertina.Kiersten@gmail.com,developer
166,Marinna,Zuzana,Marinna.Zuzana@yopmail.com,Marinna.Zuzana@gmail.com,worker
167,Wanda,Pip,Wanda.Pip@yopmail.com,Wanda.Pip@gmail.com,worker
168,Sibella,Martguerita,Sibella.Martguerita@yopmail.com,Sibella.Martguerita@gmail.com,developer
169,Viki,Trace,Viki.Trace@yopmail.com,Viki.Trace@gmail.com,worker
170,Genevra,Hashim,Genevra.Hashim@yopmail.com,Genevra.Hashim@gmail.com,police officer
171,Sean,Cristi,Sean.Cristi@yopmail.com,Sean.Cristi@gmail.com,worker
172,Imojean,Bates,Imojean.Bates@yopmail.com,Imojean.Bates@gmail.com,doctor
173,Marleah,Vins,Marleah.Vins@yopmail.com,Marleah.Vins@gmail.com,developer
174,Katharina,Malvino,Katharina.Malvino@yopmail.com,Katharina.Malvino@gmail.com,police officer
175,Tatiania,Salvidor,Tatiania.Salvidor@yopmail.com,Tatiania.Salvidor@gmail.com,developer
176,Harrietta,Marijo,Harrietta.Marijo@yopmail.com,Harrietta.Marijo@gmail.com,worker
177,Dorice,Irmine,Dorice.Irmine@yopmail.com,Dorice.Irmine@gmail.com,worker
178,Nyssa,Simmonds,Nyssa.Simmonds@yopmail.com,Nyssa.Simmonds@gmail.com,worker
179,Atlanta,Erb,Atlanta.Erb@yopmail.com,Atlanta.Erb@gmail.com,police officer
180,Misha,Plato,Misha.Plato@yopmail.com,Misha.Plato@gmail.com,firefighter
181,Maridel,Taima,Maridel.Taima@yopmail.com,Maridel.Taima@gmail.com,doctor
182,Vevay,Linehan,Vevay.Linehan@yopmail.com,Vevay.Linehan@gmail.com,worker
183,Amelia,Barney,Amelia.Barney@yopmail.com,Amelia.Barney@gmail.com,police officer
184,Selma,Cloris,Selma.Cloris@yopmail.com,Selma.Cloris@gmail.com,police officer
185,Xylina,Pond,Xylina.Pond@yopmail.com,Xylina.Pond@gmail.com,worker
186,Blinni,Brunell,Blinni.Brunell@yopmail.com,Blinni.Brunell@gmail.com,firefighter
187,Mathilda,Brittani,Mathilda.Brittani@yopmail.com,Mathilda.Brittani@gmail.com,developer
188,Loree,Oneida,Loree.Oneida@yopmail.com,Loree.Oneida@gmail.com,police officer
189,Kimmy,Pacorro,Kimmy.Pacorro@yopmail.com,Kimmy.Pacorro@gmail.com,worker
190,Beverley,Diogenes,Beverley.Diogenes@yopmail.com,Beverley.Diogenes@gmail.com,developer
191,Caritta,Eiser,Caritta.Eiser@yopmail.com,Caritta.Eiser@gmail.com,developer
192,Stacey,Kirstin,Stacey.Kirstin@yopmail.com,Stacey.Kirstin@gmail.com,doctor
193,Leeanne,Bendick,Leeanne.Bendick@yopmail.com,Leeanne.Bendick@gmail.com,doctor
194,Linet,Pip,Linet.Pip@yopmail.com,Linet.Pip@gmail.com,developer
195,Anestassia,Lissi,Anestassia.Lissi@yopmail.com,Anestassia.Lissi@gmail.com,police officer
196,Elora,Carlson,Elora.Carlson@yopmail.com,Elora.Carlson@gmail.com,doctor
197,Elise,Greyson,Elise.Greyson@yopmail.com,Elise.Greyson@gmail.com,police officer
198,Candy,Florina,Candy.Florina@yopmail.com,Candy.Florina@gmail.com,doctor
199,Tybie,Romelda,Tybie.Romelda@yopmail.com,Tybie.Romelda@gmail.com,police officer
200,Sherrie,Nea,Sherrie.Nea@yopmail.com,Sherrie.Nea@gmail.com,police officer
201,Dorene,Berne,Dorene.Berne@yopmail.com,Dorene.Berne@gmail.com,worker
202,Adore,Belldas,Adore.Belldas@yopmail.com,Adore.Belldas@gmail.com,developer
203,Noelle,Callista,Noelle.Callista@yopmail.com,Noelle.Callista@gmail.com,worker
204,Romona,Loeb,Romona.Loeb@yopmail.com,Romona.Loeb@gmail.com,developer
205,Jacquetta,McClimans,Jacquetta.McClimans@yopmail.com,Jacquetta.McClimans@gmail.com,worker
206,Cecile,Cressida,Cecile.Cressida@yopmail.com,Cecile.Cressida@gmail.com,developer
207,Tierney,Lucienne,Tierney.Lucienne@yopmail.com,Tierney.Lucienne@gmail.com,developer
208,Blondelle,Franza,Blondelle.Franza@yopmail.com,Blondelle.Franza@gmail.com,developer
209,Susette,Schroth,Susette.Schroth@yopmail.com,Susette.Schroth@gmail.com,doctor
210,Ottilie,Belanger,Ottilie.Belanger@yopmail.com,Ottilie.Belanger@gmail.com,worker
211,Justinn,Lacombe,Justinn.Lacombe@yopmail.com,Justinn.Lacombe@gmail.com,worker
212,Cordi,Larochelle,Cordi.Larochelle@yopmail.com,Cordi.Larochelle@gmail.com,developer
213,Frank,Vanni,Frank.Vanni@yopmail.com,Frank.Vanni@gmail.com,firefighter
214,Harmonia,Gino,Harmonia.Gino@yopmail.com,Harmonia.Gino@gmail.com,worker
215,Andree,Konyn,Andree.Konyn@yopmail.com,Andree.Konyn@gmail.com,police officer
216,Elka,Vharat,Elka.Vharat@yopmail.com,Elka.Vharat@gmail.com,worker
217,Nikki,Harl,Nikki.Harl@yopmail.com,Nikki.Harl@gmail.com,firefighter
218,Modestia,Kellby,Modestia.Kellby@yopmail.com,Modestia.Kellby@gmail.com,firefighter
219,Tonia,Cristi,Tonia.Cristi@yopmail.com,Tonia.Cristi@gmail.com,developer
220,Ayn,Justinn,Ayn.Justinn@yopmail.com,Ayn.Justinn@gmail.com,doctor
221,Kayla,Plato,Kayla.Plato@yopmail.com,Kayla.Plato@gmail.com,developer
222,Viki,Schwejda,Viki.Schwejda@yopmail.com,Viki.Schwejda@gmail.com,developer
223,Nananne,Papageno,Nananne.Papageno@yopmail.com,Nananne.Papageno@gmail.com,developer
224,Dorice,Bigner,Dorice.Bigner@yopmail.com,Dorice.Bigner@gmail.com,developer
225,Gerianna,Ovid,Gerianna.Ovid@yopmail.com,Gerianna.Ovid@gmail.com,police officer
226,Celene,Kesley,Celene.Kesley@yopmail.com,Celene.Kesley@gmail.com,doctor
227,Ottilie,Hanleigh,Ottilie.Hanleigh@yopmail.com,Ottilie.Hanleigh@gmail.com,doctor
228,Mathilda,Cecile,Mathilda.Cecile@yopmail.com,Mathilda.Cecile@gmail.com,worker
229,Ann-Marie,Sawtelle,Ann-Marie.Sawtelle@yopmail.com,Ann-Marie.Sawtelle@gmail.com,firefighter
230,Hermione,Bergman,Hermione.Bergman@yopmail.com,Hermione.Bergman@gmail.com,firefighter
231,Shell,Larochelle,Shell.Larochelle@yopmail.com,Shell.Larochelle@gmail.com,firefighter
232,Lexine,Gino,Lexine.Gino@yopmail.com,Lexine.Gino@gmail.com,worker
233,Lisette,Melony,Lisette.Melony@yopmail.com,Lisette.Melony@gmail.com,developer
234,Nonnah,Si,Nonnah.Si@yopmail.com,Nonnah.Si@gmail.com,firefighter
235,Dolli,Chandler,Dolli.Chandler@yopmail.com,Dolli.Chandler@gmail.com,doctor
236,Leia,Dudley,Leia.Dudley@yopmail.com,Leia.Dudley@gmail.com,police officer
237,Maryellen,Alabaster,Maryellen.Alabaster@yopmail.com,Maryellen.Alabaster@gmail.com,developer
238,Tracey,Johanna,Tracey.Johanna@yopmail.com,Tracey.Johanna@gmail.com,doctor
239,Rivalee,Neils,Rivalee.Neils@yopmail.com,Rivalee.Neils@gmail.com,developer
240,Odessa,McAdams,Odessa.McAdams@yopmail.com,Odessa.McAdams@gmail.com,firefighter
241,Candy,Alrich,Candy.Alrich@yopmail.com,Candy.Alrich@gmail.com,firefighter
242,Emmey,Hubert,Emmey.Hubert@yopmail.com,Emmey.Hubert@gmail.com,worker
243,Roxane,Roche,Roxane.Roche@yopmail.com,Roxane.Roche@gmail.com,developer
244,Tamqrah,Regan,Tamqrah.Regan@yopmail.com,Tamqrah.Regan@gmail.com,police officer
245,Chickie,Barrus,Chickie.Barrus@yopmail.com,Chickie.Barrus@gmail.com,firefighter
246,Kate,Stanwood,Kate.Stanwood@yopmail.com,Kate.Stanwood@gmail.com,developer
247,Vinita,Fillbert,Vinita.Fillbert@yopmail.com,Vinita.Fillbert@gmail.com,firefighter
248,Lelah,Fredi,Lelah.Fredi@yopmail.com,Lelah.Fredi@gmail.com,developer
249,Gusella,Freddi,Gusella.Freddi@yopmail.com,Gusella.Freddi@gmail.com,worker
250,Fanchon,Lasley,Fanchon.Lasley@yopmail.com,Fanchon.Lasley@gmail.com,worker
251,Zsa Zsa,Strephon,Zsa Zsa.Strephon@yopmail.com,Zsa Zsa.Strephon@gmail.com,developer
252,Eolanda,Hepsibah,Eolanda.Hepsibah@yopmail.com,Eolanda.Hepsibah@gmail.com,doctor
253,Fayre,Scammon,Fayre.Scammon@yopmail.com,Fayre.Scammon@gmail.com,doctor
254,Gavrielle,Gordon,Gavrielle.Gordon@yopmail.com,Gavrielle.Gordon@gmail.com,developer
255,Annaliese,Japeth,Annaliese.Japeth@yopmail.com,Annaliese.Japeth@gmail.com,developer
256,Ira,Orlene,Ira.Orlene@yopmail.com,Ira.Orlene@gmail.com,worker
257,Clementine,Maryanne,Clementine.Maryanne@yopmail.com,Clementine.Maryanne@gmail.com,worker
258,Ermengarde,Gower,Ermengarde.Gower@yopmail.com,Ermengarde.Gower@gmail.com,firefighter
259,Dede,Lilas,Dede.Lilas@yopmail.com,Dede.Lilas@gmail.com,firefighter
260,Nollie,Ezar,Nollie.Ezar@yopmail.com,Nollie.Ezar@gmail.com,firefighter
261,Kaia,Gaulin,Kaia.Gaulin@yopmail.com,Kaia.Gaulin@gmail.com,doctor
262,Dari,Iaverne,Dari.Iaverne@yopmail.com,Dari.Iaverne@gmail.com,police officer
263,Dulce,Michella,Dulce.Michella@yopmail.com,Dulce.Michella@gmail.com,worker
264,Zaria,Cohdwell,Zaria.Cohdwell@yopmail.com,Zaria.Cohdwell@gmail.com,worker
265,Vanessa,Aldric,Vanessa.Aldric@yopmail.com,Vanessa.Aldric@gmail.com,police officer
266,Fredericka,Koziara,Fredericka.Koziara@yopmail.com,Fredericka.Koziara@gmail.com,worker
267,Cassandra,Damarra,Cassandra.Damarra@yopmail.com,Cassandra.Damarra@gmail.com,doctor
268,Sallie,Millda,Sallie.Millda@yopmail.com,Sallie.Millda@gmail.com,doctor
269,Xylina,Havens,Xylina.Havens@yopmail.com,Xylina.Havens@gmail.com,doctor
270,Kellen,Oneida,Kellen.Oneida@yopmail.com,Kellen.Oneida@gmail.com,police officer
271,Raf,Jena,Raf.Jena@yopmail.com,Raf.Jena@gmail.com,firefighter
272,Aurore,Ochs,Aurore.Ochs@yopmail.com,Aurore.Ochs@gmail.com,doctor
273,Lynnea,Brackely,Lynnea.Brackely@yopmail.com,Lynnea.Brackely@gmail.com,worker
274,Dania,Taam,Dania.Taam@yopmail.com,Dania.Taam@gmail.com,police officer
275,Sabina,Kauppi,Sabina.Kauppi@yopmail.com,Sabina.Kauppi@gmail.com,police officer
276,Rubie,Han,Rubie.Han@yopmail.com,Rubie.Han@gmail.com,police officer
277,Carmencita,Torray,Carmencita.Torray@yopmail.com,Carmencita.Torray@gmail.com,doctor
278,Tonia,Noman,Tonia.Noman@yopmail.com,Tonia.Noman@gmail.com,developer
279,Mahalia,Vale,Mahalia.Vale@yopmail.com,Mahalia.Vale@gmail.com,worker
280,Damaris,Truc,Damaris.Truc@yopmail.com,Damaris.Truc@gmail.com,firefighter
281,Pearline,Dosia,Pearline.Dosia@yopmail.com,Pearline.Dosia@gmail.com,worker
282,Kimberley,Kiersten,Kimberley.Kiersten@yopmail.com,Kimberley.Kiersten@gmail.com,police officer
283,Devina,Lattie,Devina.Lattie@yopmail.com,Devina.Lattie@gmail.com,doctor
284,Lisette,Kirstin,Lisette.Kirstin@yopmail.com,Lisette.Kirstin@gmail.com,worker
285,Lucille,Decato,Lucille.Decato@yopmail.com,Lucille.Decato@gmail.com,developer
286,Dianemarie,Emerson,Dianemarie.Emerson@yopmail.com,Dianemarie.Emerson@gmail.com,doctor
287,Claresta,Jena,Claresta.Jena@yopmail.com,Claresta.Jena@gmail.com,firefighter
288,Kalina,Elvyn,Kalina.Elvyn@yopmail.com,Kalina.Elvyn@gmail.com,doctor
289,Madelle,Screens,Madelle.Screens@yopmail.com,Madelle.Screens@gmail.com,doctor
290,Rayna,Dichy,Rayna.Dichy@yopmail.com,Rayna.Dichy@gmail.com,doctor
291,Madelle,Chapland,Madelle.Chapland@yopmail.com,Madelle.Chapland@gmail.com,police officer
292,Lucy,Ranjiv,Lucy.Ranjiv@yopmail.com,Lucy.Ranjiv@gmail.com,firefighter
293,Joy,Bach,Joy.Bach@yopmail.com,Joy.Bach@gmail.com,doctor
294,Moyna,Tyson,Moyna.Tyson@yopmail.com,Moyna.Tyson@gmail.com,worker
295,Merle,Tatianas,Merle.Tatianas@yopmail.com,Merle.Tatianas@gmail.com,developer
296,Deloria,Tatianas,Deloria.Tatianas@yopmail.com,Deloria.Tatianas@gmail.com,worker
297,Sara-Ann,Junie,Sara-Ann.Junie@yopmail.com,Sara-Ann.Junie@gmail.com,firefighter
298,Jenda,Mitzi,Jenda.Mitzi@yopmail.com,Jenda.Mitzi@gmail.com,doctor
299,Carilyn,Kannry,Carilyn.Kannry@yopmail.com,Carilyn.Kannry@gmail.com,firefighter
300,Beth,Barney,Beth.Barney@yopmail.com,Beth.Barney@gmail.com,police officer
301,Cam,Paton,Cam.Paton@yopmail.com,Cam.Paton@gmail.com,developer
302,Carly,Germann,Carly.Germann@yopmail.com,Carly.Germann@gmail.com,developer
303,Belinda,Philipp,Belinda.Philipp@yopmail.com,Belinda.Philipp@gmail.com,doctor
304,Ottilie,Cristi,Ottilie.Cristi@yopmail.com,Ottilie.Cristi@gmail.com,police officer
305,Ofilia,Fiann,Ofilia.Fiann@yopmail.com,Ofilia.Fiann@gmail.com,doctor
306,Jessy,Birdella,Jessy.Birdella@yopmail.com,Jessy.Birdella@gmail.com,police officer
307,Maryellen,Daegal,Maryellen.Daegal@yopmail.com,Maryellen.Daegal@gmail.com,developer
308,Madeleine,Quinn,Madeleine.Quinn@yopmail.com,Madeleine.Quinn@gmail.com,doctor
309,Valera,Berl,Valera.Berl@yopmail.com,Valera.Berl@gmail.com,doctor
310,Theodora,Velick,Theodora.Velick@yopmail.com,Theodora.Velick@gmail.com,developer
311,Lauryn,Gillan,Lauryn.Gillan@yopmail.com,Lauryn.Gillan@gmail.com,developer
312,Jeanna,Rosette,Jeanna.Rosette@yopmail.com,Jeanna.Rosette@gmail.com,firefighter
313,Estell,Fillbert,Estell.Fillbert@yopmail.com,Estell.Fillbert@gmail.com,developer
314,Karlee,Bow,Karlee.Bow@yopmail.com,Karlee.Bow@gmail.com,firefighter
315,Georgina,Croix,Georgina.Croix@yopmail.com,Georgina.Croix@gmail.com,firefighter
316,Kristina,Bohlin,Kristina.Bohlin@yopmail.com,Kristina.Bohlin@gmail.com,firefighter
317,Rosanne,Peonir,Rosanne.Peonir@yopmail.com,Rosanne.Peonir@gmail.com,firefighter
318,Romona,Rubie,Romona.Rubie@yopmail.com,Romona.Rubie@gmail.com,police officer
319,Pamella,Hewitt,Pamella.Hewitt@yopmail.com,Pamella.Hewitt@gmail.com,doctor
320,Gratia,Cecile,Gratia.Cecile@yopmail.com,Gratia.Cecile@gmail.com,firefighter
321,Correy,Rudolph,Correy.Rudolph@yopmail.com,Correy.Rudolph@gmail.com,doctor
322,Lily,Gamaliel,Lily.Gamaliel@yopmail.com,Lily.Gamaliel@gmail.com,developer
323,Sybille,Christine,Sybille.Christine@yopmail.com,Sybille.Christine@gmail.com,worker
324,Ann-Marie,Ulphia,Ann-Marie.Ulphia@yopmail.com,Ann-Marie.Ulphia@gmail.com,police officer
325,Fredericka,Newell,Fredericka.Newell@yopmail.com,Fredericka.Newell@gmail.com,police officer
326,Katleen,Zetta,Katleen.Zetta@yopmail.com,Katleen.Zetta@gmail.com,firefighter
327,Jillayne,Willie,Jillayne.Willie@yopmail.com,Jillayne.Willie@gmail.com,police officer
328,Layla,Quinn,Layla.Quinn@yopmail.com,Layla.Quinn@gmail.com,firefighter
329,Elie,Chauncey,Elie.Chauncey@yopmail.com,Elie.Chauncey@gmail.com,worker
330,Hope,Trey,Hope.Trey@yopmail.com,Hope.Trey@gmail.com,firefighter
331,Xylina,Tacye,Xylina.Tacye@yopmail.com,Xylina.Tacye@gmail.com,firefighter
332,Laurene,Read,Laurene.Read@yopmail.com,Laurene.Read@gmail.com,firefighter
333,Kial,Ariella,Kial.Ariella@yopmail.com,Kial.Ariella@gmail.com,police officer
334,Sophia,Prober,Sophia.Prober@yopmail.com,Sophia.Prober@gmail.com,developer
335,Maud,Louanna,Maud.Louanna@yopmail.com,Maud.Louanna@gmail.com,firefighter
336,Camile,Arquit,Camile.Arquit@yopmail.com,Camile.Arquit@gmail.com,firefighter
337,Dacia,Prouty,Dacia.Prouty@yopmail.com,Dacia.Prouty@gmail.com,doctor
338,Adelle,Amand,Adelle.Amand@yopmail.com,Adelle.Amand@gmail.com,firefighter
339,Wendi,Dowski,Wendi.Dowski@yopmail.com,Wendi.Dowski@gmail.com,doctor
340,Valli,Dielu,Valli.Dielu@yopmail.com,Valli.Dielu@gmail.com,firefighter
341,Carlie,Wenoa,Carlie.Wenoa@yopmail.com,Carlie.Wenoa@gmail.com,police officer
342,Roseline,Heidt,Roseline.Heidt@yopmail.com,Roseline.Heidt@gmail.com,police officer
343,Meriel,Manolo,Meriel.Manolo@yopmail.com,Meriel.Manolo@gmail.com,police officer
344,Liana,Jenness,Liana.Jenness@yopmail.com,Liana.Jenness@gmail.com,developer
345,Amii,Rossner,Amii.Rossner@yopmail.com,Amii.Rossner@gmail.com,police officer
346,Frank,Cadmar,Frank.Cadmar@yopmail.com,Frank.Cadmar@gmail.com,developer
347,Maurene,Schenck,Maurene.Schenck@yopmail.com,Maurene.Schenck@gmail.com,firefighter
348,Cissiee,Lumbard,Cissiee.Lumbard@yopmail.com,Cissiee.Lumbard@gmail.com,developer
349,Tomasina,Corabella,Tomasina.Corabella@yopmail.com,Tomasina.Corabella@gmail.com,developer
350,Camile,Norvol,Camile.Norvol@yopmail.com,Camile.Norvol@gmail.com,worker
351,Corene,Kazimir,Corene.Kazimir@yopmail.com,Corene.Kazimir@gmail.com,worker
352,Bobbi,Anton,Bobbi.Anton@yopmail.com,Bobbi.Anton@gmail.com,developer
353,Wilma,Grimbly,Wilma.Grimbly@yopmail.com,Wilma.Grimbly@gmail.com,developer
354,Dennie,Moina,Dennie.Moina@yopmail.com,Dennie.Moina@gmail.com,worker
355,Deloria,Claudine,Deloria.Claudine@yopmail.com,Deloria.Claudine@gmail.com,worker
356,Merrie,Lynn,Merrie.Lynn@yopmail.com,Merrie.Lynn@gmail.com,police officer
357,Sam,Rheingold,Sam.Rheingold@yopmail.com,Sam.Rheingold@gmail.com,developer
358,Jenilee,Sheedy,Jenilee.Sheedy@yopmail.com,Jenilee.Sheedy@gmail.com,police officer
359,Ana,McNully,Ana.McNully@yopmail.com,Ana.McNully@gmail.com,worker
360,Evaleen,Eiser,Evaleen.Eiser@yopmail.com,Evaleen.Eiser@gmail.com,doctor
361,Lilith,Bennie,Lilith.Bennie@yopmail.com,Lilith.Bennie@gmail.com,doctor
362,Letizia,Bari,Letizia.Bari@yopmail.com,Letizia.Bari@gmail.com,developer
363,Leontine,Ursulette,Leontine.Ursulette@yopmail.com,Leontine.Ursulette@gmail.com,worker
364,Nollie,Desai,Nollie.Desai@yopmail.com,Nollie.Desai@gmail.com,worker
365,Aubrie,Pattin,Aubrie.Pattin@yopmail.com,Aubrie.Pattin@gmail.com,firefighter
366,Stevana,Karna,Stevana.Karna@yopmail.com,Stevana.Karna@gmail.com,police officer
367,Valeda,Neils,Valeda.Neils@yopmail.com,Valeda.Neils@gmail.com,developer
368,Mara,Vivle,Mara.Vivle@yopmail.com,Mara.Vivle@gmail.com,developer
369,Almeta,Wind,Almeta.Wind@yopmail.com,Almeta.Wind@gmail.com,worker
370,Cathie,Kaja,Cathie.Kaja@yopmail.com,Cathie.Kaja@gmail.com,police officer
371,Fanny,Christine,Fanny.Christine@yopmail.com,Fanny.Christine@gmail.com,doctor
372,Althea,Gaspard,Althea.Gaspard@yopmail.com,Althea.Gaspard@gmail.com,firefighter
373,Lauryn,Ader,Lauryn.Ader@yopmail.com,Lauryn.Ader@gmail.com,worker
374,Tierney,Revkah,Tierney.Revkah@yopmail.com,Tierney.Revkah@gmail.com,worker
375,Dorothy,Astra,Dorothy.Astra@yopmail.com,Dorothy.Astra@gmail.com,worker
376,Ulrike,Loleta,Ulrike.Loleta@yopmail.com,Ulrike.Loleta@gmail.com,doctor
377,Asia,Kylander,Asia.Kylander@yopmail.com,Asia.Kylander@gmail.com,worker
378,Winny,Nicoline,Winny.Nicoline@yopmail.com,Winny.Nicoline@gmail.com,doctor
379,Gisela,Thar,Gisela.Thar@yopmail.com,Gisela.Thar@gmail.com,worker
380,Orelia,Gombach,Orelia.Gombach@yopmail.com,Orelia.Gombach@gmail.com,doctor
381,Aigneis,Tarrant,Aigneis.Tarrant@yopmail.com,Aigneis.Tarrant@gmail.com,police officer
382,Tarra,Fulmer,Tarra.Fulmer@yopmail.com,Tarra.Fulmer@gmail.com,firefighter
383,Sonni,Selway,Sonni.Selway@yopmail.com,Sonni.Selway@gmail.com,worker
384,Wanda,An,Wanda.An@yopmail.com,Wanda.An@gmail.com,police officer
385,Elyssa,Ricki,Elyssa.Ricki@yopmail.com,Elyssa.Ricki@gmail.com,doctor
386,Celisse,Buffum,Celisse.Buffum@yopmail.com,Celisse.Buffum@gmail.com,firefighter
387,Imojean,Eldrid,Imojean.Eldrid@yopmail.com,Imojean.Eldrid@gmail.com,police officer
388,Marsiella,Roscoe,Marsiella.Roscoe@yopmail.com,Marsiella.Roscoe@gmail.com,worker
389,Cordi,Travax,Cordi.Travax@yopmail.com,Cordi.Travax@gmail.com,developer
390,Sheelagh,Durware,Sheelagh.Durware@yopmail.com,Sheelagh.Durware@gmail.com,firefighter
391,Dolli,Corrine,Dolli.Corrine@yopmail.com,Dolli.Corrine@gmail.com,police officer
392,Ashlee,Ball,Ashlee.Ball@yopmail.com,Ashlee.Ball@gmail.com,police officer
393,Chloris,Parette,Chloris.Parette@yopmail.com,Chloris.Parette@gmail.com,developer
394,Henriette,Elsinore,Henriette.Elsinore@yopmail.com,Henriette.Elsinore@gmail.com,police officer
395,Consuela,Lory,Consuela.Lory@yopmail.com,Consuela.Lory@gmail.com,worker
396,Almeta,Uund,Almeta.Uund@yopmail.com,Almeta.Uund@gmail.com,police officer
397,Debee,Gilmour,Debee.Gilmour@yopmail.com,Debee.Gilmour@gmail.com,doctor
398,Dawn,Magdalen,Dawn.Magdalen@yopmail.com,Dawn.Magdalen@gmail.com,developer
399,Madalyn,Felecia,Madalyn.Felecia@yopmail.com,Madalyn.Felecia@gmail.com,firefighter
400,Joy,Esmaria,Joy.Esmaria@yopmail.com,Joy.Esmaria@gmail.com,worker
401,Myriam,Anyah,Myriam.Anyah@yopmail.com,Myriam.Anyah@gmail.com,worker
402,Nananne,Artie,Nananne.Artie@yopmail.com,Nananne.Artie@gmail.com,worker
403,Gale,Croix,Gale.Croix@yopmail.com,Gale.Croix@gmail.com,firefighter
404,Edee,Aldric,Edee.Aldric@yopmail.com,Edee.Aldric@gmail.com,developer
405,Gerianna,Lory,Gerianna.Lory@yopmail.com,Gerianna.Lory@gmail.com,doctor
406,Joeann,Katrine,Joeann.Katrine@yopmail.com,Joeann.Katrine@gmail.com,doctor
407,Concettina,Kiyoshi,Concettina.Kiyoshi@yopmail.com,Concettina.Kiyoshi@gmail.com,police officer
408,Marline,Riva,Marline.Riva@yopmail.com,Marline.Riva@gmail.com,worker
409,Candy,Prober,Candy.Prober@yopmail.com,Candy.Prober@gmail.com,worker
410,Ana,Flyn,Ana.Flyn@yopmail.com,Ana.Flyn@gmail.com,developer
411,Lenna,Silvan,Lenna.Silvan@yopmail.com,Lenna.Silvan@gmail.com,doctor
412,Augustine,Auberbach,Augustine.Auberbach@yopmail.com,Augustine.Auberbach@gmail.com,developer
413,Kerrin,Zamora,Kerrin.Zamora@yopmail.com,Kerrin.Zamora@gmail.com,developer
414,Gianina,Hertzfeld,Gianina.Hertzfeld@yopmail.com,Gianina.Hertzfeld@gmail.com,doctor
415,Olivette,Chapland,Olivette.Chapland@yopmail.com,Olivette.Chapland@gmail.com,firefighter
416,Barbara,Persse,Barbara.Persse@yopmail.com,Barbara.Persse@gmail.com,police officer
417,Lenna,Cottle,Lenna.Cottle@yopmail.com,Lenna.Cottle@gmail.com,doctor
418,Flo,Burkle,Flo.Burkle@yopmail.com,Flo.Burkle@gmail.com,doctor
419,Merrie,Brunell,Merrie.Brunell@yopmail.com,Merrie.Brunell@gmail.com,police officer
420,Vivia,Arne,Vivia.Arne@yopmail.com,Vivia.Arne@gmail.com,developer
421,Brana,Tjon,Brana.Tjon@yopmail.com,Brana.Tjon@gmail.com,worker
422,Dolli,Means,Dolli.Means@yopmail.com,Dolli.Means@gmail.com,doctor
423,Selma,Sholley,Selma.Sholley@yopmail.com,Selma.Sholley@gmail.com,doctor
424,Bernie,Trey,Bernie.Trey@yopmail.com,Bernie.Trey@gmail.com,police officer
425,Aaren,Llovera,Aaren.Llovera@yopmail.com,Aaren.Llovera@gmail.com,worker
426,Olivette,Fry,Olivette.Fry@yopmail.com,Olivette.Fry@gmail.com,worker
427,Mady,Woodberry,Mady.Woodberry@yopmail.com,Mady.Woodberry@gmail.com,doctor
428,Addia,Suanne,Addia.Suanne@yopmail.com,Addia.Suanne@gmail.com,worker
429,Caryl,Yam,Caryl.Yam@yopmail.com,Caryl.Yam@gmail.com,worker
430,Ottilie,Ummersen,Ottilie.Ummersen@yopmail.com,Ottilie.Ummersen@gmail.com,firefighter
431,Lizzie,Oscar,Lizzie.Oscar@yopmail.com,Lizzie.Oscar@gmail.com,police officer
432,Dyann,Vernier,Dyann.Vernier@yopmail.com,Dyann.Vernier@gmail.com,worker
433,Jerry,Janith,Jerry.Janith@yopmail.com,Jerry.Janith@gmail.com,worker
434,Ethel,Garbe,Ethel.Garbe@yopmail.com,Ethel.Garbe@gmail.com,developer
435,Lisette,Love,Lisette.Love@yopmail.com,Lisette.Love@gmail.com,police officer
436,Flo,Huggins,Flo.Huggins@yopmail.com,Flo.Huggins@gmail.com,firefighter
437,Starla,Cristi,Starla.Cristi@yopmail.com,Starla.Cristi@gmail.com,firefighter
438,Hyacinthe,Nunci,Hyacinthe.Nunci@yopmail.com,Hyacinthe.Nunci@gmail.com,doctor
439,Taffy,Felizio,Taffy.Felizio@yopmail.com,Taffy.Felizio@gmail.com,firefighter
440,Marika,Wallis,Marika.Wallis@yopmail.com,Marika.Wallis@gmail.com,firefighter
441,Deloria,Jena,Deloria.Jena@yopmail.com,Deloria.Jena@gmail.com,firefighter
442,Ada,Sabella,Ada.Sabella@yopmail.com,Ada.Sabella@gmail.com,doctor
443,Beth,Wiener,Beth.Wiener@yopmail.com,Beth.Wiener@gmail.com,police officer
444,Renae,O'Rourke,Renae.O'Rourke@yopmail.com,Renae.O'Rourke@gmail.com,doctor
445,Annecorinne,Bearnard,Annecorinne.Bearnard@yopmail.com,Annecorinne.Bearnard@gmail.com,doctor
446,Andeee,Krystle,Andeee.Krystle@yopmail.com,Andeee.Krystle@gmail.com,firefighter
447,Donetta,Kendrick,Donetta.Kendrick@yopmail.com,Donetta.Kendrick@gmail.com,police officer
448,Reeba,Wareing,Reeba.Wareing@yopmail.com,Reeba.Wareing@gmail.com,worker
449,Ginnie,Saint,Ginnie.Saint@yopmail.com,Ginnie.Saint@gmail.com,worker
450,Kassey,Hourigan,Kassey.Hourigan@yopmail.com,Kassey.Hourigan@gmail.com,developer
451,Wynne,Stacy,Wynne.Stacy@yopmail.com,Wynne.Stacy@gmail.com,doctor
452,Cathyleen,Natica,Cathyleen.Natica@yopmail.com,Cathyleen.Natica@gmail.com,worker
453,Marylou,Rese,Marylou.Rese@yopmail.com,Marylou.Rese@gmail.com,developer
454,Rori,Lumbard,Rori.Lumbard@yopmail.com,Rori.Lumbard@gmail.com,developer
455,Marjie,Judye,Marjie.Judye@yopmail.com,Marjie.Judye@gmail.com,police officer
456,Jany,Longfellow,Jany.Longfellow@yopmail.com,Jany.Longfellow@gmail.com,firefighter
457,Beth,Mike,Beth.Mike@yopmail.com,Beth.Mike@gmail.com,police officer
458,Harmonia,Warthman,Harmonia.Warthman@yopmail.com,Harmonia.Warthman@gmail.com,worker
459,Ardeen,Earlie,Ardeen.Earlie@yopmail.com,Ardeen.Earlie@gmail.com,doctor
460,Kamilah,Merna,Kamilah.Merna@yopmail.com,Kamilah.Merna@gmail.com,developer
461,Elka,Linskey,Elka.Linskey@yopmail.com,Elka.Linskey@gmail.com,worker
462,Lisette,Graig,Lisette.Graig@yopmail.com,Lisette.Graig@gmail.com,police officer
463,Berta,Joli,Berta.Joli@yopmail.com,Berta.Joli@gmail.com,police officer
464,Ketti,Ursulette,Ketti.Ursulette@yopmail.com,Ketti.Ursulette@gmail.com,developer
465,Jany,Katrine,Jany.Katrine@yopmail.com,Jany.Katrine@gmail.com,police officer
466,Elsie,Faria,Elsie.Faria@yopmail.com,Elsie.Faria@gmail.com,developer
467,Perry,Cath,Perry.Cath@yopmail.com,Perry.Cath@gmail.com,doctor
468,Pollyanna,Kussell,Pollyanna.Kussell@yopmail.com,Pollyanna.Kussell@gmail.com,worker
469,Modestia,Duwalt,Modestia.Duwalt@yopmail.com,Modestia.Duwalt@gmail.com,doctor
470,Henriette,Cordi,Henriette.Cordi@yopmail.com,Henriette.Cordi@gmail.com,worker
471,Minne,Germann,Minne.Germann@yopmail.com,Minne.Germann@gmail.com,police officer
472,Jsandye,Shelba,Jsandye.Shelba@yopmail.com,Jsandye.Shelba@gmail.com,doctor
473,Dione,Kat,Dione.Kat@yopmail.com,Dione.Kat@gmail.com,firefighter
474,Caryl,Merell,Caryl.Merell@yopmail.com,Caryl.Merell@gmail.com,developer
475,Fina,Cristi,Fina.Cristi@yopmail.com,Fina.Cristi@gmail.com,police officer
476,Ellette,Korey,Ellette.Korey@yopmail.com,Ellette.Korey@gmail.com,police officer
477,Gretal,Kevon,Gretal.Kevon@yopmail.com,Gretal.Kevon@gmail.com,worker
478,Kate,Nisbet,Kate.Nisbet@yopmail.com,Kate.Nisbet@gmail.com,developer
479,Maisey,Phi,Maisey.Phi@yopmail.com,Maisey.Phi@gmail.com,developer
480,Harmonia,Maroney,Harmonia.Maroney@yopmail.com,Harmonia.Maroney@gmail.com,worker
481,Adele,Colbert,Adele.Colbert@yopmail.com,Adele.Colbert@gmail.com,police officer
482,Mildrid,Garek,Mildrid.Garek@yopmail.com,Mildrid.Garek@gmail.com,police officer
483,Beth,Vins,Beth.Vins@yopmail.com,Beth.Vins@gmail.com,worker
484,Viki,Kimmie,Viki.Kimmie@yopmail.com,Viki.Kimmie@gmail.com,police officer
485,Mahalia,Afton,Mahalia.Afton@yopmail.com,Mahalia.Afton@gmail.com,doctor
486,Chandra,Dom,Chandra.Dom@yopmail.com,Chandra.Dom@gmail.com,worker
487,Tani,Burch,Tani.Burch@yopmail.com,Tani.Burch@gmail.com,doctor
488,Millie,Kalinda,Millie.Kalinda@yopmail.com,Millie.Kalinda@gmail.com,developer
489,Rhea,Germann,Rhea.Germann@yopmail.com,Rhea.Germann@gmail.com,firefighter
490,Marnia,Rubie,Marnia.Rubie@yopmail.com,Marnia.Rubie@gmail.com,doctor
491,Cindelyn,Monaco,Cindelyn.Monaco@yopmail.com,Cindelyn.Monaco@gmail.com,developer
492,Michaelina,Lemuela,Michaelina.Lemuela@yopmail.com,Michaelina.Lemuela@gmail.com,firefighter
493,Roseline,Heidt,Roseline.Heidt@yopmail.com,Roseline.Heidt@gmail.com,doctor
494,Gaylene,Avi,Gaylene.Avi@yopmail.com,Gaylene.Avi@gmail.com,doctor
495,Lulita,Winnick,Lulita.Winnick@yopmail.com,Lulita.Winnick@gmail.com,worker
496,Eolanda,Engdahl,Eolanda.Engdahl@yopmail.com,Eolanda.Engdahl@gmail.com,doctor
497,Magdalena,Kiyoshi,Magdalena.Kiyoshi@yopmail.com,Magdalena.Kiyoshi@gmail.com,police officer
498,Ekaterina,Erich,Ekaterina.Erich@yopmail.com,Ekaterina.Erich@gmail.com,doctor
499,Fanchon,Lenny,Fanchon.Lenny@yopmail.com,Fanchon.Lenny@gmail.com,worker
500,Dorice,Sperling,Dorice.Sperling@yopmail.com,Dorice.Sperling@gmail.com,worker
501,Kristina,Israeli,Kristina.Israeli@yopmail.com,Kristina.Israeli@gmail.com,police officer
502,Hallie,Federica,Hallie.Federica@yopmail.com,Hallie.Federica@gmail.com,police officer
503,Dagmar,Mintz,Dagmar.Mintz@yopmail.com,Dagmar.Mintz@gmail.com,police officer
504,Mary,Cleo,Mary.Cleo@yopmail.com,Mary.Cleo@gmail.com,firefighter
505,Rebeca,Noam,Rebeca.Noam@yopmail.com,Rebeca.Noam@gmail.com,worker
506,Katleen,Even,Katleen.Even@yopmail.com,Katleen.Even@gmail.com,doctor
507,Korrie,Rhu,Korrie.Rhu@yopmail.com,Korrie.Rhu@gmail.com,firefighter
508,Helena,Dearborn,Helena.Dearborn@yopmail.com,Helena.Dearborn@gmail.com,developer
509,Addia,Mandler,Addia.Mandler@yopmail.com,Addia.Mandler@gmail.com,police officer
510,Chrystel,Bandeen,Chrystel.Bandeen@yopmail.com,Chrystel.Bandeen@gmail.com,developer
511,Dagmar,Chrystel,Dagmar.Chrystel@yopmail.com,Dagmar.Chrystel@gmail.com,firefighter
512,Marline,Bivins,Marline.Bivins@yopmail.com,Marline.Bivins@gmail.com,police officer
513,Leeanne,Firmin,Leeanne.Firmin@yopmail.com,Leeanne.Firmin@gmail.com,developer
514,Elise,Buckler,Elise.Buckler@yopmail.com,Elise.Buckler@gmail.com,doctor
515,Caressa,Schonfeld,Caressa.Schonfeld@yopmail.com,Caressa.Schonfeld@gmail.com,worker
516,Edith,Gale,Edith.Gale@yopmail.com,Edith.Gale@gmail.com,firefighter
517,Fanchon,Romelda,Fanchon.Romelda@yopmail.com,Fanchon.Romelda@gmail.com,developer
518,Gusella,Thunell,Gusella.Thunell@yopmail.com,Gusella.Thunell@gmail.com,police officer
519,Verla,Vilma,Verla.Vilma@yopmail.com,Verla.Vilma@gmail.com,developer
520,Kalina,Kermit,Kalina.Kermit@yopmail.com,Kalina.Kermit@gmail.com,police officer
521,Celisse,Juan,Celisse.Juan@yopmail.com,Celisse.Juan@gmail.com,worker
522,Dacia,Tybald,Dacia.Tybald@yopmail.com,Dacia.Tybald@gmail.com,firefighter
523,Gwyneth,Lemuela,Gwyneth.Lemuela@yopmail.com,Gwyneth.Lemuela@gmail.com,police officer
524,Berta,Brunell,Berta.Brunell@yopmail.com,Berta.Brunell@gmail.com,developer
525,Maisey,Justinn,Maisey.Justinn@yopmail.com,Maisey.Justinn@gmail.com,worker
526,Moyna,Jerold,Moyna.Jerold@yopmail.com,Moyna.Jerold@gmail.com,police officer
527,Gianina,Cohdwell,Gianina.Cohdwell@yopmail.com,Gianina.Cohdwell@gmail.com,worker
528,Perry,Kaja,Perry.Kaja@yopmail.com,Perry.Kaja@gmail.com,doctor
529,Anestassia,Velick,Anestassia.Velick@yopmail.com,Anestassia.Velick@gmail.com,developer
530,Bill,Rosalba,Bill.Rosalba@yopmail.com,Bill.Rosalba@gmail.com,firefighter
531,Ellette,Tybald,Ellette.Tybald@yopmail.com,Ellette.Tybald@gmail.com,firefighter
532,Donetta,Deny,Donetta.Deny@yopmail.com,Donetta.Deny@gmail.com,police officer
533,Merci,Ranjiv,Merci.Ranjiv@yopmail.com,Merci.Ranjiv@gmail.com,firefighter
534,Aeriela,Cressida,Aeriela.Cressida@yopmail.com,Aeriela.Cressida@gmail.com,firefighter
535,Janey,Amadas,Janey.Amadas@yopmail.com,Janey.Amadas@gmail.com,police officer
536,Esmeralda,Hebner,Esmeralda.Hebner@yopmail.com,Esmeralda.Hebner@gmail.com,developer
537,Loree,Corabella,Loree.Corabella@yopmail.com,Loree.Corabella@gmail.com,police officer
538,Albertina,Penelopa,Albertina.Penelopa@yopmail.com,Albertina.Penelopa@gmail.com,police officer
539,Mamie,Randene,Mamie.Randene@yopmail.com,Mamie.Randene@gmail.com,developer
540,Arlina,Ortrude,Arlina.Ortrude@yopmail.com,Arlina.Ortrude@gmail.com,developer
541,Brianna,Brieta,Brianna.Brieta@yopmail.com,Brianna.Brieta@gmail.com,developer
542,Nanete,Anton,Nanete.Anton@yopmail.com,Nanete.Anton@gmail.com,firefighter
543,Ebonee,Gualtiero,Ebonee.Gualtiero@yopmail.com,Ebonee.Gualtiero@gmail.com,worker
544,Almeta,Richers,Almeta.Richers@yopmail.com,Almeta.Richers@gmail.com,worker
545,Stacey,Sammons,Stacey.Sammons@yopmail.com,Stacey.Sammons@gmail.com,worker
546,Luci,Mitzi,Luci.Mitzi@yopmail.com,Luci.Mitzi@gmail.com,developer
547,Nataline,Pacorro,Nataline.Pacorro@yopmail.com,Nataline.Pacorro@gmail.com,police officer
548,Carree,Oscar,Carree.Oscar@yopmail.com,Carree.Oscar@gmail.com,worker
549,Kristan,Gilmour,Kristan.Gilmour@yopmail.com,Kristan.Gilmour@gmail.com,worker
550,Marinna,Weide,Marinna.Weide@yopmail.com,Marinna.Weide@gmail.com,firefighter
551,Alex,Ahab,Alex.Ahab@yopmail.com,Alex.Ahab@gmail.com,worker
552,Lindie,Brandice,Lindie.Brandice@yopmail.com,Lindie.Brandice@gmail.com,worker
553,Etta,Carey,Etta.Carey@yopmail.com,Etta.Carey@gmail.com,firefighter
554,Alex,Alarise,Alex.Alarise@yopmail.com,Alex.Alarise@gmail.com,police officer
555,Tierney,Hebner,Tierney.Hebner@yopmail.com,Tierney.Hebner@gmail.com,worker
556,Marcelline,Sophronia,Marcelline.Sophronia@yopmail.com,Marcelline.Sophronia@gmail.com,developer
557,Misha,Demitria,Misha.Demitria@yopmail.com,Misha.Demitria@gmail.com,police officer
558,Kaia,Behre,Kaia.Behre@yopmail.com,Kaia.Behre@gmail.com,firefighter
559,Danny,Lorain,Danny.Lorain@yopmail.com,Danny.Lorain@gmail.com,firefighter
560,Rivalee,Vale,Rivalee.Vale@yopmail.com,Rivalee.Vale@gmail.com,developer
561,Gaylene,Clie,Gaylene.Clie@yopmail.com,Gaylene.Clie@gmail.com,police officer
562,Susan,Avi,Susan.Avi@yopmail.com,Susan.Avi@gmail.com,police officer
563,Ginnie,Gilbertson,Ginnie.Gilbertson@yopmail.com,Ginnie.Gilbertson@gmail.com,firefighter
564,Georgetta,Stav,Georgetta.Stav@yopmail.com,Georgetta.Stav@gmail.com,police officer
565,Tobe,Woodberry,Tobe.Woodberry@yopmail.com,Tobe.Woodberry@gmail.com,police officer
566,Jemie,Chobot,Jemie.Chobot@yopmail.com,Jemie.Chobot@gmail.com,police officer
567,Latisha,Chick,Latisha.Chick@yopmail.com,Latisha.Chick@gmail.com,doctor
568,Demetris,Weaks,Demetris.Weaks@yopmail.com,Demetris.Weaks@gmail.com,firefighter
569,Sidoney,Gert,Sidoney.Gert@yopmail.com,Sidoney.Gert@gmail.com,developer
570,Aigneis,Wolfgram,Aigneis.Wolfgram@yopmail.com,Aigneis.Wolfgram@gmail.com,firefighter
571,Lorne,Baylor,Lorne.Baylor@yopmail.com,Lorne.Baylor@gmail.com,worker
572,Mariann,Brotherson,Mariann.Brotherson@yopmail.com,Mariann.Brotherson@gmail.com,doctor
573,Ruthe,Ingra,Ruthe.Ingra@yopmail.com,Ruthe.Ingra@gmail.com,worker
574,Damaris,Payson,Damaris.Payson@yopmail.com,Damaris.Payson@gmail.com,doctor
575,Marinna,Dulciana,Marinna.Dulciana@yopmail.com,Marinna.Dulciana@gmail.com,firefighter
576,Kaja,Rurik,Kaja.Rurik@yopmail.com,Kaja.Rurik@gmail.com,doctor
577,Wynne,Adore,Wynne.Adore@yopmail.com,Wynne.Adore@gmail.com,doctor
578,Daune,McClimans,Daune.McClimans@yopmail.com,Daune.McClimans@gmail.com,worker
579,Danny,Eckblad,Danny.Eckblad@yopmail.com,Danny.Eckblad@gmail.com,police officer
580,Meghann,Eachern,Meghann.Eachern@yopmail.com,Meghann.Eachern@gmail.com,police officer
581,Amelia,Soneson,Amelia.Soneson@yopmail.com,Amelia.Soneson@gmail.com,police officer
582,Oona,Durware,Oona.Durware@yopmail.com,Oona.Durware@gmail.com,firefighter
583,Yetty,Amasa,Yetty.Amasa@yopmail.com,Yetty.Amasa@gmail.com,police officer
584,Sallie,Prober,Sallie.Prober@yopmail.com,Sallie.Prober@gmail.com,doctor
585,Alejandra,Callista,Alejandra.Callista@yopmail.com,Alejandra.Callista@gmail.com,police officer
586,Hollie,Hailee,Hollie.Hailee@yopmail.com,Hollie.Hailee@gmail.com,firefighter
587,Rori,Lareena,Rori.Lareena@yopmail.com,Rori.Lareena@gmail.com,firefighter
588,Marita,Creamer,Marita.Creamer@yopmail.com,Marita.Creamer@gmail.com,police officer
589,Janis,Bettine,Janis.Bettine@yopmail.com,Janis.Bettine@gmail.com,worker
590,Desirae,Cynar,Desirae.Cynar@yopmail.com,Desirae.Cynar@gmail.com,firefighter
591,Glynnis,Longfellow,Glynnis.Longfellow@yopmail.com,Glynnis.Longfellow@gmail.com,developer
592,Lyssa,Smitt,Lyssa.Smitt@yopmail.com,Lyssa.Smitt@gmail.com,doctor
593,Sharai,Fry,Sharai.Fry@yopmail.com,Sharai.Fry@gmail.com,police officer
594,Cordi,Taima,Cordi.Taima@yopmail.com,Cordi.Taima@gmail.com,worker
595,Linet,Boehike,Linet.Boehike@yopmail.com,Linet.Boehike@gmail.com,developer
596,Rivalee,Kathie,Rivalee.Kathie@yopmail.com,Rivalee.Kathie@gmail.com,worker
597,Caressa,Codding,Caressa.Codding@yopmail.com,Caressa.Codding@gmail.com,worker
598,Hildegaard,Land,Hildegaard.Land@yopmail.com,Hildegaard.Land@gmail.com,firefighter
599,Genovera,Azeria,Genovera.Azeria@yopmail.com,Genovera.Azeria@gmail.com,developer
600,Marnia,Hilbert,Marnia.Hilbert@yopmail.com,Marnia.Hilbert@gmail.com,developer
601,Emelina,Alwin,Emelina.Alwin@yopmail.com,Emelina.Alwin@gmail.com,doctor
602,Georgetta,Nelsen,Georgetta.Nelsen@yopmail.com,Georgetta.Nelsen@gmail.com,doctor
603,Lanae,Clarissa,Lanae.Clarissa@yopmail.com,Lanae.Clarissa@gmail.com,doctor
604,Amii,Forrer,Amii.Forrer@yopmail.com,Amii.Forrer@gmail.com,doctor
605,Tabbatha,Silvan,Tabbatha.Silvan@yopmail.com,Tabbatha.Silvan@gmail.com,police officer
606,Zia,Dulciana,Zia.Dulciana@yopmail.com,Zia.Dulciana@gmail.com,police officer
607,Myriam,Glovsky,Myriam.Glovsky@yopmail.com,Myriam.Glovsky@gmail.com,firefighter
608,Aaren,Haymes,Aaren.Haymes@yopmail.com,Aaren.Haymes@gmail.com,worker
609,Elie,Han,Elie.Han@yopmail.com,Elie.Han@gmail.com,firefighter
610,Ethel,Obed,Ethel.Obed@yopmail.com,Ethel.Obed@gmail.com,firefighter
611,Lynde,Duwalt,Lynde.Duwalt@yopmail.com,Lynde.Duwalt@gmail.com,doctor
612,Livvyy,Nea,Livvyy.Nea@yopmail.com,Livvyy.Nea@gmail.com,doctor
613,Tracey,Travax,Tracey.Travax@yopmail.com,Tracey.Travax@gmail.com,doctor
614,Kaja,Winthorpe,Kaja.Winthorpe@yopmail.com,Kaja.Winthorpe@gmail.com,doctor
615,Blinni,Ioab,Blinni.Ioab@yopmail.com,Blinni.Ioab@gmail.com,firefighter
616,Emelina,Schwejda,Emelina.Schwejda@yopmail.com,Emelina.Schwejda@gmail.com,worker
617,Nerta,Letsou,Nerta.Letsou@yopmail.com,Nerta.Letsou@gmail.com,worker
618,Sherrie,Forrer,Sherrie.Forrer@yopmail.com,Sherrie.Forrer@gmail.com,worker
619,Lulita,Craggie,Lulita.Craggie@yopmail.com,Lulita.Craggie@gmail.com,developer
620,Elyssa,Zeeba,Elyssa.Zeeba@yopmail.com,Elyssa.Zeeba@gmail.com,worker
621,Ethel,McLaughlin,Ethel.McLaughlin@yopmail.com,Ethel.McLaughlin@gmail.com,developer
622,Kimmy,Desai,Kimmy.Desai@yopmail.com,Kimmy.Desai@gmail.com,worker
623,Reeba,Stuart,Reeba.Stuart@yopmail.com,Reeba.Stuart@gmail.com,police officer
624,Zondra,Damarra,Zondra.Damarra@yopmail.com,Zondra.Damarra@gmail.com,police officer
625,Ricky,Ashely,Ricky.Ashely@yopmail.com,Ricky.Ashely@gmail.com,worker
626,Katleen,Gregrory,Katleen.Gregrory@yopmail.com,Katleen.Gregrory@gmail.com,police officer
627,Bee,Nadia,Bee.Nadia@yopmail.com,Bee.Nadia@gmail.com,worker
628,Asia,Woodberry,Asia.Woodberry@yopmail.com,Asia.Woodberry@gmail.com,doctor
629,Libbie,Fairweather,Libbie.Fairweather@yopmail.com,Libbie.Fairweather@gmail.com,worker
630,Berta,Erlandson,Berta.Erlandson@yopmail.com,Berta.Erlandson@gmail.com,worker
631,Teddie,Woodberry,Teddie.Woodberry@yopmail.com,Teddie.Woodberry@gmail.com,police officer
632,Linzy,Ciro,Linzy.Ciro@yopmail.com,Linzy.Ciro@gmail.com,doctor
633,Deirdre,Mozelle,Deirdre.Mozelle@yopmail.com,Deirdre.Mozelle@gmail.com,firefighter
634,Shandie,Stacy,Shandie.Stacy@yopmail.com,Shandie.Stacy@gmail.com,doctor
635,Libbie,Niles,Libbie.Niles@yopmail.com,Libbie.Niles@gmail.com,police officer
636,Starla,Latini,Starla.Latini@yopmail.com,Starla.Latini@gmail.com,worker
637,Nariko,Baptlsta,Nariko.Baptlsta@yopmail.com,Nariko.Baptlsta@gmail.com,doctor
638,Quintina,Velick,Quintina.Velick@yopmail.com,Quintina.Velick@gmail.com,firefighter
639,Dari,Iphlgenia,Dari.Iphlgenia@yopmail.com,Dari.Iphlgenia@gmail.com,worker
640,Alie,Candy,Alie.Candy@yopmail.com,Alie.Candy@gmail.com,doctor
641,Norine,Love,Norine.Love@yopmail.com,Norine.Love@gmail.com,police officer
642,Briney,Tufts,Briney.Tufts@yopmail.com,Briney.Tufts@gmail.com,developer
643,Stacey,Alexandr,Stacey.Alexandr@yopmail.com,Stacey.Alexandr@gmail.com,firefighter
644,Rebeca,Percy,Rebeca.Percy@yopmail.com,Rebeca.Percy@gmail.com,firefighter
645,Beth,Mallon,Beth.Mallon@yopmail.com,Beth.Mallon@gmail.com,firefighter
646,June,Kussell,June.Kussell@yopmail.com,June.Kussell@gmail.com,worker
647,Talya,Urias,Talya.Urias@yopmail.com,Talya.Urias@gmail.com,police officer
648,Chandra,Eckblad,Chandra.Eckblad@yopmail.com,Chandra.Eckblad@gmail.com,doctor
649,Modestia,Astra,Modestia.Astra@yopmail.com,Modestia.Astra@gmail.com,doctor
650,Wanda,Forrer,Wanda.Forrer@yopmail.com,Wanda.Forrer@gmail.com,firefighter
651,Marylou,Hirsch,Marylou.Hirsch@yopmail.com,Marylou.Hirsch@gmail.com,police officer
652,Frances,Herrera,Frances.Herrera@yopmail.com,Frances.Herrera@gmail.com,worker
653,Kittie,Wenoa,Kittie.Wenoa@yopmail.com,Kittie.Wenoa@gmail.com,doctor
654,Georgina,Hessler,Georgina.Hessler@yopmail.com,Georgina.Hessler@gmail.com,doctor
655,Kristina,Demitria,Kristina.Demitria@yopmail.com,Kristina.Demitria@gmail.com,police officer
656,Roberta,Naor,Roberta.Naor@yopmail.com,Roberta.Naor@gmail.com,worker
657,Iseabal,Germann,Iseabal.Germann@yopmail.com,Iseabal.Germann@gmail.com,developer
658,Katharina,Creamer,Katharina.Creamer@yopmail.com,Katharina.Creamer@gmail.com,police officer
659,Michaelina,Goerke,Michaelina.Goerke@yopmail.com,Michaelina.Goerke@gmail.com,police officer
660,Konstance,Dimitris,Konstance.Dimitris@yopmail.com,Konstance.Dimitris@gmail.com,developer
661,Sheelagh,Neils,Sheelagh.Neils@yopmail.com,Sheelagh.Neils@gmail.com,doctor
662,Charissa,Juan,Charissa.Juan@yopmail.com,Charissa.Juan@gmail.com,worker
663,Imojean,Daegal,Imojean.Daegal@yopmail.com,Imojean.Daegal@gmail.com,police officer
664,Maye,Lareena,Maye.Lareena@yopmail.com,Maye.Lareena@gmail.com,firefighter
665,Lorne,Karl,Lorne.Karl@yopmail.com,Lorne.Karl@gmail.com,police officer
666,Clarice,Darian,Clarice.Darian@yopmail.com,Clarice.Darian@gmail.com,police officer
667,Georgina,Fink,Georgina.Fink@yopmail.com,Georgina.Fink@gmail.com,worker
668,Cordi,McLaughlin,Cordi.McLaughlin@yopmail.com,Cordi.McLaughlin@gmail.com,developer
669,Ekaterina,Taam,Ekaterina.Taam@yopmail.com,Ekaterina.Taam@gmail.com,worker
670,Latisha,Bettine,Latisha.Bettine@yopmail.com,Latisha.Bettine@gmail.com,developer
671,Florie,Socha,Florie.Socha@yopmail.com,Florie.Socha@gmail.com,doctor
672,Jennica,McLaughlin,Jennica.McLaughlin@yopmail.com,Jennica.McLaughlin@gmail.com,firefighter
673,Dotty,Ochs,Dotty.Ochs@yopmail.com,Dotty.Ochs@gmail.com,police officer
674,Beverley,Han,Beverley.Han@yopmail.com,Beverley.Han@gmail.com,doctor
675,Nikki,Markman,Nikki.Markman@yopmail.com,Nikki.Markman@gmail.com,police officer
676,Rori,Warthman,Rori.Warthman@yopmail.com,Rori.Warthman@gmail.com,developer
677,Clementine,Klemperer,Clementine.Klemperer@yopmail.com,Clementine.Klemperer@gmail.com,firefighter
678,Tomasina,Beebe,Tomasina.Beebe@yopmail.com,Tomasina.Beebe@gmail.com,worker
679,Rosene,Fennessy,Rosene.Fennessy@yopmail.com,Rosene.Fennessy@gmail.com,police officer
680,Madelle,Kesley,Madelle.Kesley@yopmail.com,Madelle.Kesley@gmail.com,firefighter
681,Chrystel,Pond,Chrystel.Pond@yopmail.com,Chrystel.Pond@gmail.com,developer
682,Mellicent,Richers,Mellicent.Richers@yopmail.com,Mellicent.Richers@gmail.com,doctor
683,Fayre,Andrel,Fayre.Andrel@yopmail.com,Fayre.Andrel@gmail.com,police officer
684,Shaylyn,Brady,Shaylyn.Brady@yopmail.com,Shaylyn.Brady@gmail.com,doctor
685,Luci,Harday,Luci.Harday@yopmail.com,Luci.Harday@gmail.com,doctor
686,Ingrid,Lynn,Ingrid.Lynn@yopmail.com,Ingrid.Lynn@gmail.com,doctor
687,Ericka,Riordan,Ericka.Riordan@yopmail.com,Ericka.Riordan@gmail.com,worker
688,Leontine,Bethany,Leontine.Bethany@yopmail.com,Leontine.Bethany@gmail.com,firefighter
689,Roz,Weaks,Roz.Weaks@yopmail.com,Roz.Weaks@gmail.com,developer
690,Pamella,Abram,Pamella.Abram@yopmail.com,Pamella.Abram@gmail.com,developer
691,Iseabal,Briney,Iseabal.Briney@yopmail.com,Iseabal.Briney@gmail.com,doctor
692,Anthia,Bury,Anthia.Bury@yopmail.com,Anthia.Bury@gmail.com,developer
693,Evita,Lilas,Evita.Lilas@yopmail.com,Evita.Lilas@gmail.com,developer
694,Gianina,Zamora,Gianina.Zamora@yopmail.com,Gianina.Zamora@gmail.com,police officer
695,Gianina,Blake,Gianina.Blake@yopmail.com,Gianina.Blake@gmail.com,police officer
696,Belva,Gunn,Belva.Gunn@yopmail.com,Belva.Gunn@gmail.com,doctor
697,Nerta,Felecia,Nerta.Felecia@yopmail.com,Nerta.Felecia@gmail.com,doctor
698,Lolita,Alwin,Lolita.Alwin@yopmail.com,Lolita.Alwin@gmail.com,doctor
699,Dominga,Bevin,Dominga.Bevin@yopmail.com,Dominga.Bevin@gmail.com,doctor
700,Patricia,Neva,Patricia.Neva@yopmail.com,Patricia.Neva@gmail.com,firefighter
701,Sonni,Medrek,Sonni.Medrek@yopmail.com,Sonni.Medrek@gmail.com,police officer
702,Cristine,Ahab,Cristine.Ahab@yopmail.com,Cristine.Ahab@gmail.com,firefighter
703,Celisse,Abram,Celisse.Abram@yopmail.com,Celisse.Abram@gmail.com,firefighter
704,Dotty,Callista,Dotty.Callista@yopmail.com,Dotty.Callista@gmail.com,doctor
705,Elsie,Schalles,Elsie.Schalles@yopmail.com,Elsie.Schalles@gmail.com,firefighter
706,Hannis,Cleavland,Hannis.Cleavland@yopmail.com,Hannis.Cleavland@gmail.com,firefighter
707,Melina,Hoenack,Melina.Hoenack@yopmail.com,Melina.Hoenack@gmail.com,worker
708,Berta,Tufts,Berta.Tufts@yopmail.com,Berta.Tufts@gmail.com,police officer
709,Zsa Zsa,Crudden,Zsa Zsa.Crudden@yopmail.com,Zsa Zsa.Crudden@gmail.com,worker
710,Chastity,Aaberg,Chastity.Aaberg@yopmail.com,Chastity.Aaberg@gmail.com,police officer
711,Lucille,Dahlia,Lucille.Dahlia@yopmail.com,Lucille.Dahlia@gmail.com,firefighter
712,Lelah,Lareena,Lelah.Lareena@yopmail.com,Lelah.Lareena@gmail.com,police officer
713,Caritta,Ephrem,Caritta.Ephrem@yopmail.com,Caritta.Ephrem@gmail.com,police officer
714,Darci,Elsinore,Darci.Elsinore@yopmail.com,Darci.Elsinore@gmail.com,doctor
715,Arlina,Ricarda,Arlina.Ricarda@yopmail.com,Arlina.Ricarda@gmail.com,doctor
716,Priscilla,Bates,Priscilla.Bates@yopmail.com,Priscilla.Bates@gmail.com,developer
717,Sheree,Burkle,Sheree.Burkle@yopmail.com,Sheree.Burkle@gmail.com,developer
718,Bernardine,Alexandr,Bernardine.Alexandr@yopmail.com,Bernardine.Alexandr@gmail.com,doctor
719,Tonia,Mathilde,Tonia.Mathilde@yopmail.com,Tonia.Mathilde@gmail.com,police officer
720,Lynea,Stacy,Lynea.Stacy@yopmail.com,Lynea.Stacy@gmail.com,doctor
721,Dulce,Abram,Dulce.Abram@yopmail.com,Dulce.Abram@gmail.com,firefighter
722,Desirae,Kare,Desirae.Kare@yopmail.com,Desirae.Kare@gmail.com,doctor
723,Bernie,Ahab,Bernie.Ahab@yopmail.com,Bernie.Ahab@gmail.com,developer
724,Hettie,Hertzfeld,Hettie.Hertzfeld@yopmail.com,Hettie.Hertzfeld@gmail.com,police officer
725,Tierney,Tremayne,Tierney.Tremayne@yopmail.com,Tierney.Tremayne@gmail.com,worker
726,Correy,Thunell,Correy.Thunell@yopmail.com,Correy.Thunell@gmail.com,developer
727,Nannie,Marisa,Nannie.Marisa@yopmail.com,Nannie.Marisa@gmail.com,firefighter
728,Janey,Kronfeld,Janey.Kronfeld@yopmail.com,Janey.Kronfeld@gmail.com,police officer
729,Ileana,Dimitris,Ileana.Dimitris@yopmail.com,Ileana.Dimitris@gmail.com,developer
730,Reeba,Paton,Reeba.Paton@yopmail.com,Reeba.Paton@gmail.com,developer
731,Shel,Earlie,Shel.Earlie@yopmail.com,Shel.Earlie@gmail.com,worker
732,Allyce,Erminia,Allyce.Erminia@yopmail.com,Allyce.Erminia@gmail.com,developer
733,Marinna,Claudine,Marinna.Claudine@yopmail.com,Marinna.Claudine@gmail.com,developer
734,Raf,Wind,Raf.Wind@yopmail.com,Raf.Wind@gmail.com,doctor
735,Eadie,Bertold,Eadie.Bertold@yopmail.com,Eadie.Bertold@gmail.com,firefighter
736,Augustine,Latini,Augustine.Latini@yopmail.com,Augustine.Latini@gmail.com,firefighter
737,Amara,Corilla,Amara.Corilla@yopmail.com,Amara.Corilla@gmail.com,developer
738,Giustina,Ummersen,Giustina.Ummersen@yopmail.com,Giustina.Ummersen@gmail.com,police officer
739,Philis,Carey,Philis.Carey@yopmail.com,Philis.Carey@gmail.com,worker
740,Cissiee,Aldric,Cissiee.Aldric@yopmail.com,Cissiee.Aldric@gmail.com,doctor
741,Mallory,Muriel,Mallory.Muriel@yopmail.com,Mallory.Muriel@gmail.com,worker
742,Rhea,Cookie,Rhea.Cookie@yopmail.com,Rhea.Cookie@gmail.com,worker
743,Talya,Fleeta,Talya.Fleeta@yopmail.com,Talya.Fleeta@gmail.com,developer
744,Arlena,Millda,Arlena.Millda@yopmail.com,Arlena.Millda@gmail.com,police officer
745,Clarice,Harday,Clarice.Harday@yopmail.com,Clarice.Harday@gmail.com,doctor
746,Ursulina,Zeeba,Ursulina.Zeeba@yopmail.com,Ursulina.Zeeba@gmail.com,worker
747,Valli,Hathaway,Valli.Hathaway@yopmail.com,Valli.Hathaway@gmail.com,doctor
748,Hallie,Gilmour,Hallie.Gilmour@yopmail.com,Hallie.Gilmour@gmail.com,doctor
749,Donnie,Rocray,Donnie.Rocray@yopmail.com,Donnie.Rocray@gmail.com,doctor
750,Agathe,Phi,Agathe.Phi@yopmail.com,Agathe.Phi@gmail.com,developer
751,Sonni,Zamora,Sonni.Zamora@yopmail.com,Sonni.Zamora@gmail.com,developer
752,Candy,Sheedy,Candy.Sheedy@yopmail.com,Candy.Sheedy@gmail.com,police officer
753,Celisse,Cleo,Celisse.Cleo@yopmail.com,Celisse.Cleo@gmail.com,developer
754,Penelopa,Bergman,Penelopa.Bergman@yopmail.com,Penelopa.Bergman@gmail.com,firefighter
755,Andree,Fairweather,Andree.Fairweather@yopmail.com,Andree.Fairweather@gmail.com,police officer
756,Leia,Audly,Leia.Audly@yopmail.com,Leia.Audly@gmail.com,developer
757,Xylina,Thar,Xylina.Thar@yopmail.com,Xylina.Thar@gmail.com,firefighter
758,Zondra,Gerge,Zondra.Gerge@yopmail.com,Zondra.Gerge@gmail.com,police officer
759,Violet,Yoko,Violet.Yoko@yopmail.com,Violet.Yoko@gmail.com,police officer
760,Sophia,Tacye,Sophia.Tacye@yopmail.com,Sophia.Tacye@gmail.com,developer
761,Audrie,Chick,Audrie.Chick@yopmail.com,Audrie.Chick@gmail.com,worker
762,Darlleen,Baylor,Darlleen.Baylor@yopmail.com,Darlleen.Baylor@gmail.com,doctor
763,Alia,Virgin,Alia.Virgin@yopmail.com,Alia.Virgin@gmail.com,developer
764,Marleah,Heisel,Marleah.Heisel@yopmail.com,Marleah.Heisel@gmail.com,police officer
765,Elora,Solitta,Elora.Solitta@yopmail.com,Elora.Solitta@gmail.com,developer
766,Sam,Bakerman,Sam.Bakerman@yopmail.com,Sam.Bakerman@gmail.com,firefighter
767,Nanete,Gabrielli,Nanete.Gabrielli@yopmail.com,Nanete.Gabrielli@gmail.com,developer
768,Gwenneth,Tound,Gwenneth.Tound@yopmail.com,Gwenneth.Tound@gmail.com,worker
769,Delilah,Magnolia,Delilah.Magnolia@yopmail.com,Delilah.Magnolia@gmail.com,developer
770,Dulce,Verger,Dulce.Verger@yopmail.com,Dulce.Verger@gmail.com,doctor
771,Dianemarie,Colleen,Dianemarie.Colleen@yopmail.com,Dianemarie.Colleen@gmail.com,firefighter
772,Wilma,Slifka,Wilma.Slifka@yopmail.com,Wilma.Slifka@gmail.com,developer
773,Dorthy,Kiyoshi,Dorthy.Kiyoshi@yopmail.com,Dorthy.Kiyoshi@gmail.com,firefighter
774,Amii,Carlson,Amii.Carlson@yopmail.com,Amii.Carlson@gmail.com,police officer
775,Pierette,Dom,Pierette.Dom@yopmail.com,Pierette.Dom@gmail.com,worker
776,Cindelyn,Sundin,Cindelyn.Sundin@yopmail.com,Cindelyn.Sundin@gmail.com,police officer
777,Sara-Ann,Stephie,Sara-Ann.Stephie@yopmail.com,Sara-Ann.Stephie@gmail.com,doctor
778,Kirstin,Reinke,Kirstin.Reinke@yopmail.com,Kirstin.Reinke@gmail.com,doctor
779,Emylee,Stacy,Emylee.Stacy@yopmail.com,Emylee.Stacy@gmail.com,firefighter
780,Katharina,Lay,Katharina.Lay@yopmail.com,Katharina.Lay@gmail.com,developer
781,Blake,Bethany,Blake.Bethany@yopmail.com,Blake.Bethany@gmail.com,developer
782,Leanna,Halla,Leanna.Halla@yopmail.com,Leanna.Halla@gmail.com,doctor
783,Emylee,Hortensia,Emylee.Hortensia@yopmail.com,Emylee.Hortensia@gmail.com,doctor
784,Shaine,Chabot,Shaine.Chabot@yopmail.com,Shaine.Chabot@gmail.com,firefighter
785,Bill,Douglass,Bill.Douglass@yopmail.com,Bill.Douglass@gmail.com,firefighter
786,Ermengarde,Jagir,Ermengarde.Jagir@yopmail.com,Ermengarde.Jagir@gmail.com,police officer
787,Ingrid,Damarra,Ingrid.Damarra@yopmail.com,Ingrid.Damarra@gmail.com,worker
788,Janeczka,Corabella,Janeczka.Corabella@yopmail.com,Janeczka.Corabella@gmail.com,developer
789,Phedra,Henebry,Phedra.Henebry@yopmail.com,Phedra.Henebry@gmail.com,firefighter
790,Merrie,Scammon,Merrie.Scammon@yopmail.com,Merrie.Scammon@gmail.com,worker
791,Edyth,Capello,Edyth.Capello@yopmail.com,Edyth.Capello@gmail.com,doctor
792,Ariela,Jobi,Ariela.Jobi@yopmail.com,Ariela.Jobi@gmail.com,police officer
793,Merrie,Munn,Merrie.Munn@yopmail.com,Merrie.Munn@gmail.com,police officer
794,Carmencita,Donell,Carmencita.Donell@yopmail.com,Carmencita.Donell@gmail.com,worker
795,Heddie,Malanie,Heddie.Malanie@yopmail.com,Heddie.Malanie@gmail.com,worker
796,Norine,Kravits,Norine.Kravits@yopmail.com,Norine.Kravits@gmail.com,police officer
797,Ida,Kaete,Ida.Kaete@yopmail.com,Ida.Kaete@gmail.com,worker
798,Corina,Kiersten,Corina.Kiersten@yopmail.com,Corina.Kiersten@gmail.com,police officer
799,Taffy,Dorothy,Taffy.Dorothy@yopmail.com,Taffy.Dorothy@gmail.com,developer
800,Briney,Llovera,Briney.Llovera@yopmail.com,Briney.Llovera@gmail.com,firefighter
801,Demetris,Marlie,Demetris.Marlie@yopmail.com,Demetris.Marlie@gmail.com,developer
802,Carmencita,Carolin,Carmencita.Carolin@yopmail.com,Carmencita.Carolin@gmail.com,developer
803,Frieda,Aurelio,Frieda.Aurelio@yopmail.com,Frieda.Aurelio@gmail.com,police officer
804,Hallie,Clarissa,Hallie.Clarissa@yopmail.com,Hallie.Clarissa@gmail.com,doctor
805,Kial,Pozzy,Kial.Pozzy@yopmail.com,Kial.Pozzy@gmail.com,developer
806,Justinn,Elvyn,Justinn.Elvyn@yopmail.com,Justinn.Elvyn@gmail.com,worker
807,Ekaterina,Pearse,Ekaterina.Pearse@yopmail.com,Ekaterina.Pearse@gmail.com,doctor
808,Tybie,Kevon,Tybie.Kevon@yopmail.com,Tybie.Kevon@gmail.com,worker
809,Thalia,Leler,Thalia.Leler@yopmail.com,Thalia.Leler@gmail.com,doctor
810,Merle,Delacourt,Merle.Delacourt@yopmail.com,Merle.Delacourt@gmail.com,developer
811,Daryl,Kellby,Daryl.Kellby@yopmail.com,Daryl.Kellby@gmail.com,police officer
812,Elise,Capello,Elise.Capello@yopmail.com,Elise.Capello@gmail.com,doctor
813,Augustine,Riordan,Augustine.Riordan@yopmail.com,Augustine.Riordan@gmail.com,firefighter
814,Kayla,Iphlgenia,Kayla.Iphlgenia@yopmail.com,Kayla.Iphlgenia@gmail.com,police officer
815,Courtnay,Vittoria,Courtnay.Vittoria@yopmail.com,Courtnay.Vittoria@gmail.com,developer
816,Laurene,Mathilde,Laurene.Mathilde@yopmail.com,Laurene.Mathilde@gmail.com,firefighter
817,Arabel,Fredi,Arabel.Fredi@yopmail.com,Arabel.Fredi@gmail.com,doctor
818,Sam,Gower,Sam.Gower@yopmail.com,Sam.Gower@gmail.com,developer
819,Selia,Nunci,Selia.Nunci@yopmail.com,Selia.Nunci@gmail.com,developer
820,Lulita,Seumas,Lulita.Seumas@yopmail.com,Lulita.Seumas@gmail.com,worker
821,Nickie,Socha,Nickie.Socha@yopmail.com,Nickie.Socha@gmail.com,police officer
822,Aurore,Tengdin,Aurore.Tengdin@yopmail.com,Aurore.Tengdin@gmail.com,developer
823,Phedra,Auberbach,Phedra.Auberbach@yopmail.com,Phedra.Auberbach@gmail.com,worker
824,Carly,Merriott,Carly.Merriott@yopmail.com,Carly.Merriott@gmail.com,developer
825,Cordi,Ricki,Cordi.Ricki@yopmail.com,Cordi.Ricki@gmail.com,police officer
826,Sabina,Center,Sabina.Center@yopmail.com,Sabina.Center@gmail.com,firefighter
827,Iseabal,Anis,Iseabal.Anis@yopmail.com,Iseabal.Anis@gmail.com,doctor
828,Nessie,Kaja,Nessie.Kaja@yopmail.com,Nessie.Kaja@gmail.com,firefighter
829,Rori,Cookie,Rori.Cookie@yopmail.com,Rori.Cookie@gmail.com,developer
830,Lucy,Kellby,Lucy.Kellby@yopmail.com,Lucy.Kellby@gmail.com,doctor
831,Dania,Maisey,Dania.Maisey@yopmail.com,Dania.Maisey@gmail.com,doctor
832,Jaclyn,Corabella,Jaclyn.Corabella@yopmail.com,Jaclyn.Corabella@gmail.com,developer
833,Leontine,Bigner,Leontine.Bigner@yopmail.com,Leontine.Bigner@gmail.com,doctor
834,Marti,Stanwood,Marti.Stanwood@yopmail.com,Marti.Stanwood@gmail.com,worker
835,Sharlene,Grosz,Sharlene.Grosz@yopmail.com,Sharlene.Grosz@gmail.com,police officer
836,Vonny,Jagir,Vonny.Jagir@yopmail.com,Vonny.Jagir@gmail.com,firefighter
837,Paule,Frendel,Paule.Frendel@yopmail.com,Paule.Frendel@gmail.com,doctor
838,Max,Brunell,Max.Brunell@yopmail.com,Max.Brunell@gmail.com,doctor
839,Tatiania,Christal,Tatiania.Christal@yopmail.com,Tatiania.Christal@gmail.com,police officer
840,Ninnetta,Ricki,Ninnetta.Ricki@yopmail.com,Ninnetta.Ricki@gmail.com,doctor
841,Dennie,Colyer,Dennie.Colyer@yopmail.com,Dennie.Colyer@gmail.com,police officer
842,Paola,Bibi,Paola.Bibi@yopmail.com,Paola.Bibi@gmail.com,police officer
843,Sophia,Lowry,Sophia.Lowry@yopmail.com,Sophia.Lowry@gmail.com,worker
844,Donetta,Seagraves,Donetta.Seagraves@yopmail.com,Donetta.Seagraves@gmail.com,worker
845,Shannah,Dorothy,Shannah.Dorothy@yopmail.com,Shannah.Dorothy@gmail.com,worker
846,Evita,Quinn,Evita.Quinn@yopmail.com,Evita.Quinn@gmail.com,firefighter
847,Nananne,Bonucci,Nananne.Bonucci@yopmail.com,Nananne.Bonucci@gmail.com,doctor
848,Alleen,Medrek,Alleen.Medrek@yopmail.com,Alleen.Medrek@gmail.com,worker
849,Cristine,Fabiola,Cristine.Fabiola@yopmail.com,Cristine.Fabiola@gmail.com,worker
850,Hollie,Brian,Hollie.Brian@yopmail.com,Hollie.Brian@gmail.com,developer
851,Darci,Bebe,Darci.Bebe@yopmail.com,Darci.Bebe@gmail.com,doctor
852,Bee,Birdella,Bee.Birdella@yopmail.com,Bee.Birdella@gmail.com,doctor
853,Correy,Kosey,Correy.Kosey@yopmail.com,Correy.Kosey@gmail.com,worker
854,Wilma,Plato,Wilma.Plato@yopmail.com,Wilma.Plato@gmail.com,developer
855,Margarette,Hebner,Margarette.Hebner@yopmail.com,Margarette.Hebner@gmail.com,police officer
856,Eugine,Olympium,Eugine.Olympium@yopmail.com,Eugine.Olympium@gmail.com,police officer
857,Debee,Sundin,Debee.Sundin@yopmail.com,Debee.Sundin@gmail.com,police officer
858,Lorie,Old,Lorie.Old@yopmail.com,Lorie.Old@gmail.com,doctor
859,Grier,Modie,Grier.Modie@yopmail.com,Grier.Modie@gmail.com,developer
860,Sallie,Goerke,Sallie.Goerke@yopmail.com,Sallie.Goerke@gmail.com,firefighter
861,Jacquetta,Zina,Jacquetta.Zina@yopmail.com,Jacquetta.Zina@gmail.com,firefighter
862,Ottilie,Weitman,Ottilie.Weitman@yopmail.com,Ottilie.Weitman@gmail.com,developer
863,Lauryn,Loeb,Lauryn.Loeb@yopmail.com,Lauryn.Loeb@gmail.com,police officer
864,Lorie,Sharl,Lorie.Sharl@yopmail.com,Lorie.Sharl@gmail.com,developer
865,Binny,Dearborn,Binny.Dearborn@yopmail.com,Binny.Dearborn@gmail.com,police officer
866,Shandie,Harday,Shandie.Harday@yopmail.com,Shandie.Harday@gmail.com,developer
867,Jinny,Fiester,Jinny.Fiester@yopmail.com,Jinny.Fiester@gmail.com,worker
868,Shandie,Sasnett,Shandie.Sasnett@yopmail.com,Shandie.Sasnett@gmail.com,developer
869,Latisha,Annabella,Latisha.Annabella@yopmail.com,Latisha.Annabella@gmail.com,worker
870,Jany,Dudley,Jany.Dudley@yopmail.com,Jany.Dudley@gmail.com,doctor
871,Mamie,Cimbura,Mamie.Cimbura@yopmail.com,Mamie.Cimbura@gmail.com,doctor
872,Paola,Papageno,Paola.Papageno@yopmail.com,Paola.Papageno@gmail.com,doctor
873,Cathie,Philipp,Cathie.Philipp@yopmail.com,Cathie.Philipp@gmail.com,developer
874,Verla,Regan,Verla.Regan@yopmail.com,Verla.Regan@gmail.com,firefighter
875,Arlena,Henebry,Arlena.Henebry@yopmail.com,Arlena.Henebry@gmail.com,developer
876,Anica,Thilda,Anica.Thilda@yopmail.com,Anica.Thilda@gmail.com,firefighter
877,Molli,Carolin,Molli.Carolin@yopmail.com,Molli.Carolin@gmail.com,worker
878,Caressa,Chinua,Caressa.Chinua@yopmail.com,Caressa.Chinua@gmail.com,firefighter
879,Marleah,Trace,Marleah.Trace@yopmail.com,Marleah.Trace@gmail.com,worker
880,Eolanda,Karl,Eolanda.Karl@yopmail.com,Eolanda.Karl@gmail.com,doctor
881,Arlena,Revkah,Arlena.Revkah@yopmail.com,Arlena.Revkah@gmail.com,worker
882,Aryn,Rosette,Aryn.Rosette@yopmail.com,Aryn.Rosette@gmail.com,worker
883,Darci,Ulphia,Darci.Ulphia@yopmail.com,Darci.Ulphia@gmail.com,firefighter
884,Rayna,Bronk,Rayna.Bronk@yopmail.com,Rayna.Bronk@gmail.com,police officer
885,Esmeralda,Gilbertson,Esmeralda.Gilbertson@yopmail.com,Esmeralda.Gilbertson@gmail.com,firefighter
886,Robinia,Cleavland,Robinia.Cleavland@yopmail.com,Robinia.Cleavland@gmail.com,police officer
887,Maurene,Kazimir,Maurene.Kazimir@yopmail.com,Maurene.Kazimir@gmail.com,firefighter
888,Lusa,Tillford,Lusa.Tillford@yopmail.com,Lusa.Tillford@gmail.com,worker
889,Jobi,Ardra,Jobi.Ardra@yopmail.com,Jobi.Ardra@gmail.com,developer
890,Shell,Simmonds,Shell.Simmonds@yopmail.com,Shell.Simmonds@gmail.com,firefighter
891,Celestyna,Gherardo,Celestyna.Gherardo@yopmail.com,Celestyna.Gherardo@gmail.com,doctor
892,Florencia,Bartlett,Florencia.Bartlett@yopmail.com,Florencia.Bartlett@gmail.com,worker
893,Benita,Camden,Benita.Camden@yopmail.com,Benita.Camden@gmail.com,doctor
894,Lacie,Dituri,Lacie.Dituri@yopmail.com,Lacie.Dituri@gmail.com,worker
895,Millie,Daegal,Millie.Daegal@yopmail.com,Millie.Daegal@gmail.com,police officer
896,Pamella,Frodi,Pamella.Frodi@yopmail.com,Pamella.Frodi@gmail.com,firefighter
897,Gwyneth,Anton,Gwyneth.Anton@yopmail.com,Gwyneth.Anton@gmail.com,worker
898,Gratia,Raama,Gratia.Raama@yopmail.com,Gratia.Raama@gmail.com,doctor
899,Trixi,Seagraves,Trixi.Seagraves@yopmail.com,Trixi.Seagraves@gmail.com,firefighter
900,Cyndie,Olympium,Cyndie.Olympium@yopmail.com,Cyndie.Olympium@gmail.com,police officer
901,Joy,Fiann,Joy.Fiann@yopmail.com,Joy.Fiann@gmail.com,police officer
902,Belva,Mozelle,Belva.Mozelle@yopmail.com,Belva.Mozelle@gmail.com,doctor
903,Cyb,Ade,Cyb.Ade@yopmail.com,Cyb.Ade@gmail.com,developer
904,Teddie,Eldrid,Teddie.Eldrid@yopmail.com,Teddie.Eldrid@gmail.com,firefighter
905,Calla,Wilkinson,Calla.Wilkinson@yopmail.com,Calla.Wilkinson@gmail.com,worker
906,Fernande,Jena,Fernande.Jena@yopmail.com,Fernande.Jena@gmail.com,police officer
907,Norine,McAdams,Norine.McAdams@yopmail.com,Norine.McAdams@gmail.com,doctor
908,Cissiee,Winthorpe,Cissiee.Winthorpe@yopmail.com,Cissiee.Winthorpe@gmail.com,worker
909,Tami,Azeria,Tami.Azeria@yopmail.com,Tami.Azeria@gmail.com,worker
910,Max,Kunin,Max.Kunin@yopmail.com,Max.Kunin@gmail.com,developer
911,Christian,Eiser,Christian.Eiser@yopmail.com,Christian.Eiser@gmail.com,police officer
912,Pollyanna,Giff,Pollyanna.Giff@yopmail.com,Pollyanna.Giff@gmail.com,firefighter
913,Emmey,Vins,Emmey.Vins@yopmail.com,Emmey.Vins@gmail.com,developer
914,Myrtice,Glenden,Myrtice.Glenden@yopmail.com,Myrtice.Glenden@gmail.com,worker
915,Lusa,Nadia,Lusa.Nadia@yopmail.com,Lusa.Nadia@gmail.com,doctor
916,Merci,Gibbeon,Merci.Gibbeon@yopmail.com,Merci.Gibbeon@gmail.com,developer
917,Linzy,Stevy,Linzy.Stevy@yopmail.com,Linzy.Stevy@gmail.com,worker
918,Coral,Lanita,Coral.Lanita@yopmail.com,Coral.Lanita@gmail.com,police officer
919,Pamella,Whittaker,Pamella.Whittaker@yopmail.com,Pamella.Whittaker@gmail.com,worker
920,Kimberley,Means,Kimberley.Means@yopmail.com,Kimberley.Means@gmail.com,developer
921,Vinita,Adrienne,Vinita.Adrienne@yopmail.com,Vinita.Adrienne@gmail.com,developer
922,Harmonia,Pierette,Harmonia.Pierette@yopmail.com,Harmonia.Pierette@gmail.com,developer
923,Coral,Beebe,Coral.Beebe@yopmail.com,Coral.Beebe@gmail.com,firefighter
924,Nadine,Madaih,Nadine.Madaih@yopmail.com,Nadine.Madaih@gmail.com,firefighter
925,Renie,Uird,Renie.Uird@yopmail.com,Renie.Uird@gmail.com,police officer
926,Penelopa,Ries,Penelopa.Ries@yopmail.com,Penelopa.Ries@gmail.com,developer
927,Gerrie,McAdams,Gerrie.McAdams@yopmail.com,Gerrie.McAdams@gmail.com,worker
928,Binny,Klemperer,Binny.Klemperer@yopmail.com,Binny.Klemperer@gmail.com,doctor
929,Elora,Gino,Elora.Gino@yopmail.com,Elora.Gino@gmail.com,worker
930,Heddie,Neils,Heddie.Neils@yopmail.com,Heddie.Neils@gmail.com,police officer
931,Clary,Dash,Clary.Dash@yopmail.com,Clary.Dash@gmail.com,police officer
932,Kristina,Publia,Kristina.Publia@yopmail.com,Kristina.Publia@gmail.com,firefighter
933,Tabbatha,Rese,Tabbatha.Rese@yopmail.com,Tabbatha.Rese@gmail.com,police officer
934,Ginnie,Gahl,Ginnie.Gahl@yopmail.com,Ginnie.Gahl@gmail.com,firefighter
935,Jacenta,Poll,Jacenta.Poll@yopmail.com,Jacenta.Poll@gmail.com,doctor
936,Carmencita,Posner,Carmencita.Posner@yopmail.com,Carmencita.Posner@gmail.com,doctor
937,Pierette,McGrody,Pierette.McGrody@yopmail.com,Pierette.McGrody@gmail.com,firefighter
938,Zsa Zsa,Mike,Zsa Zsa.Mike@yopmail.com,Zsa Zsa.Mike@gmail.com,developer
939,Quintina,Bohlin,Quintina.Bohlin@yopmail.com,Quintina.Bohlin@gmail.com,firefighter
940,Wilma,Stelle,Wilma.Stelle@yopmail.com,Wilma.Stelle@gmail.com,police officer
941,Letizia,Sibyls,Letizia.Sibyls@yopmail.com,Letizia.Sibyls@gmail.com,firefighter
942,Ida,Clie,Ida.Clie@yopmail.com,Ida.Clie@gmail.com,developer
943,Paulita,Reinke,Paulita.Reinke@yopmail.com,Paulita.Reinke@gmail.com,police officer
944,Sabina,Christine,Sabina.Christine@yopmail.com,Sabina.Christine@gmail.com,doctor
945,Merry,Richers,Merry.Richers@yopmail.com,Merry.Richers@gmail.com,developer
946,Rozele,Morrill,Rozele.Morrill@yopmail.com,Rozele.Morrill@gmail.com,doctor
947,Robinia,Klemperer,Robinia.Klemperer@yopmail.com,Robinia.Klemperer@gmail.com,worker
948,Augustine,Bethany,Augustine.Bethany@yopmail.com,Augustine.Bethany@gmail.com,worker
949,Valeda,Vernier,Valeda.Vernier@yopmail.com,Valeda.Vernier@gmail.com,police officer
950,Hannis,Douglass,Hannis.Douglass@yopmail.com,Hannis.Douglass@gmail.com,worker
951,Sidoney,Hubert,Sidoney.Hubert@yopmail.com,Sidoney.Hubert@gmail.com,developer
952,Henriette,Lattie,Henriette.Lattie@yopmail.com,Henriette.Lattie@gmail.com,police officer
953,Joy,Clywd,Joy.Clywd@yopmail.com,Joy.Clywd@gmail.com,police officer
954,Elsie,Dorcy,Elsie.Dorcy@yopmail.com,Elsie.Dorcy@gmail.com,developer
955,Zondra,Brady,Zondra.Brady@yopmail.com,Zondra.Brady@gmail.com,developer
956,Noelle,Toffic,Noelle.Toffic@yopmail.com,Noelle.Toffic@gmail.com,police officer
957,Ilse,Gaal,Ilse.Gaal@yopmail.com,Ilse.Gaal@gmail.com,developer
958,Correy,Erminia,Correy.Erminia@yopmail.com,Correy.Erminia@gmail.com,doctor
959,Kylynn,Wittie,Kylynn.Wittie@yopmail.com,Kylynn.Wittie@gmail.com,worker
960,Mildrid,Cherianne,Mildrid.Cherianne@yopmail.com,Mildrid.Cherianne@gmail.com,developer
961,Shel,Burkle,Shel.Burkle@yopmail.com,Shel.Burkle@gmail.com,doctor
962,Lauryn,Barrus,Lauryn.Barrus@yopmail.com,Lauryn.Barrus@gmail.com,worker
963,Lynnea,Kronfeld,Lynnea.Kronfeld@yopmail.com,Lynnea.Kronfeld@gmail.com,police officer
964,Sean,Poppy,Sean.Poppy@yopmail.com,Sean.Poppy@gmail.com,police officer
965,Peri,Fulmer,Peri.Fulmer@yopmail.com,Peri.Fulmer@gmail.com,worker
966,Joelly,Fillbert,Joelly.Fillbert@yopmail.com,Joelly.Fillbert@gmail.com,developer
967,Louella,Bibi,Louella.Bibi@yopmail.com,Louella.Bibi@gmail.com,worker
968,Charlena,Morrill,Charlena.Morrill@yopmail.com,Charlena.Morrill@gmail.com,worker
969,Zia,Publia,Zia.Publia@yopmail.com,Zia.Publia@gmail.com,police officer
970,Letizia,Longfellow,Letizia.Longfellow@yopmail.com,Letizia.Longfellow@gmail.com,firefighter
971,Nananne,Malina,Nananne.Malina@yopmail.com,Nananne.Malina@gmail.com,police officer
972,Selia,Rugen,Selia.Rugen@yopmail.com,Selia.Rugen@gmail.com,police officer
973,Cristine,Sheedy,Cristine.Sheedy@yopmail.com,Cristine.Sheedy@gmail.com,doctor
974,Dorothy,Scammon,Dorothy.Scammon@yopmail.com,Dorothy.Scammon@gmail.com,firefighter
975,Fawne,Camden,Fawne.Camden@yopmail.com,Fawne.Camden@gmail.com,developer
976,Kore,Jorgan,Kore.Jorgan@yopmail.com,Kore.Jorgan@gmail.com,firefighter
977,Miquela,Faust,Miquela.Faust@yopmail.com,Miquela.Faust@gmail.com,doctor
978,Nollie,Lail,Nollie.Lail@yopmail.com,Nollie.Lail@gmail.com,doctor
979,Dacia,Evvie,Dacia.Evvie@yopmail.com,Dacia.Evvie@gmail.com,firefighter
980,Magdalena,My,Magdalena.My@yopmail.com,Magdalena.My@gmail.com,firefighter
981,Lorie,Sigfrid,Lorie.Sigfrid@yopmail.com,Lorie.Sigfrid@gmail.com,doctor
982,Arlena,Telfer,Arlena.Telfer@yopmail.com,Arlena.Telfer@gmail.com,developer
983,Jemie,Rheingold,Jemie.Rheingold@yopmail.com,Jemie.Rheingold@gmail.com,developer
984,Vevay,Ranjiv,Vevay.Ranjiv@yopmail.com,Vevay.Ranjiv@gmail.com,police officer
985,Lauryn,Genna,Lauryn.Genna@yopmail.com,Lauryn.Genna@gmail.com,developer
986,Amara,Hutchison,Amara.Hutchison@yopmail.com,Amara.Hutchison@gmail.com,police officer
987,Berta,Mendez,Berta.Mendez@yopmail.com,Berta.Mendez@gmail.com,developer
988,Correy,Paton,Correy.Paton@yopmail.com,Correy.Paton@gmail.com,worker
989,Carmela,Reinke,Carmela.Reinke@yopmail.com,Carmela.Reinke@gmail.com,developer
990,Delilah,Fredi,Delilah.Fredi@yopmail.com,Delilah.Fredi@gmail.com,police officer
991,Sophia,Vittoria,Sophia.Vittoria@yopmail.com,Sophia.Vittoria@gmail.com,developer
992,Adriana,Fax,Adriana.Fax@yopmail.com,Adriana.Fax@gmail.com,police officer
993,Tersina,Ludewig,Tersina.Ludewig@yopmail.com,Tersina.Ludewig@gmail.com,developer
994,Calla,Solitta,Calla.Solitta@yopmail.com,Calla.Solitta@gmail.com,worker
995,Riannon,Israeli,Riannon.Israeli@yopmail.com,Riannon.Israeli@gmail.com,police officer
996,Kial,Isidore,Kial.Isidore@yopmail.com,Kial.Isidore@gmail.com,developer
997,Amii,Erlandson,Amii.Erlandson@yopmail.com,Amii.Erlandson@gmail.com,police officer
998,Cordi,Ludewig,Cordi.Ludewig@yopmail.com,Cordi.Ludewig@gmail.com,firefighter
999,Trixi,Burch,Trixi.Burch@yopmail.com,Trixi.Burch@gmail.com,police officer
1000,Estell,Diogenes,Estell.Diogenes@yopmail.com,Estell.Diogenes@gmail.com,worker
1001,Annaliese,Stelle,Annaliese.Stelle@yopmail.com,Annaliese.Stelle@gmail.com,developer
1002,Regina,Stevy,Regina.Stevy@yopmail.com,Regina.Stevy@gmail.com,firefighter
1003,Emma,Kenwood,Emma.Kenwood@yopmail.com,Emma.Kenwood@gmail.com,worker
1004,Dania,Nicoline,Dania.Nicoline@yopmail.com,Dania.Nicoline@gmail.com,doctor
1005,Margalo,Swanhildas,Margalo.Swanhildas@yopmail.com,Margalo.Swanhildas@gmail.com,developer
1006,Shannah,Lutero,Shannah.Lutero@yopmail.com,Shannah.Lutero@gmail.com,developer
1007,Cathyleen,My,Cathyleen.My@yopmail.com,Cathyleen.My@gmail.com,doctor
1008,Concettina,Millda,Concettina.Millda@yopmail.com,Concettina.Millda@gmail.com,firefighter
1009,Layla,Leifeste,Layla.Leifeste@yopmail.com,Layla.Leifeste@gmail.com,doctor
1010,Angelique,Audly,Angelique.Audly@yopmail.com,Angelique.Audly@gmail.com,worker
1011,Mary,Joachim,Mary.Joachim@yopmail.com,Mary.Joachim@gmail.com,police officer
1012,Tina,Capello,Tina.Capello@yopmail.com,Tina.Capello@gmail.com,worker
1013,Wendi,Laurianne,Wendi.Laurianne@yopmail.com,Wendi.Laurianne@gmail.com,developer
1014,Giustina,Giff,Giustina.Giff@yopmail.com,Giustina.Giff@gmail.com,worker
1015,Kassey,Delacourt,Kassey.Delacourt@yopmail.com,Kassey.Delacourt@gmail.com,developer
1016,Rosabelle,Helve,Rosabelle.Helve@yopmail.com,Rosabelle.Helve@gmail.com,police officer
1017,Evaleen,Poll,Evaleen.Poll@yopmail.com,Evaleen.Poll@gmail.com,doctor
1018,Fredericka,Janith,Fredericka.Janith@yopmail.com,Fredericka.Janith@gmail.com,police officer
1019,Tamqrah,Verger,Tamqrah.Verger@yopmail.com,Tamqrah.Verger@gmail.com,worker
1020,Meg,Chabot,Meg.Chabot@yopmail.com,Meg.Chabot@gmail.com,firefighter
1021,Loree,Salchunas,Loree.Salchunas@yopmail.com,Loree.Salchunas@gmail.com,worker
1022,Gwenneth,Jena,Gwenneth.Jena@yopmail.com,Gwenneth.Jena@gmail.com,doctor
1023,Raf,Zuzana,Raf.Zuzana@yopmail.com,Raf.Zuzana@gmail.com,police officer
1024,Gianina,Jerald,Gianina.Jerald@yopmail.com,Gianina.Jerald@gmail.com,firefighter
1025,Lory,Barbey,Lory.Barbey@yopmail.com,Lory.Barbey@gmail.com,worker
1026,Donetta,Randene,Donetta.Randene@yopmail.com,Donetta.Randene@gmail.com,doctor
1027,Lucy,Kare,Lucy.Kare@yopmail.com,Lucy.Kare@gmail.com,firefighter
1028,Sharlene,Madox,Sharlene.Madox@yopmail.com,Sharlene.Madox@gmail.com,police officer
1029,Melanie,Fulmer,Melanie.Fulmer@yopmail.com,Melanie.Fulmer@gmail.com,developer
1030,Dania,Sparhawk,Dania.Sparhawk@yopmail.com,Dania.Sparhawk@gmail.com,firefighter
1031,Minda,Harriman,Minda.Harriman@yopmail.com,Minda.Harriman@gmail.com,police officer
1032,Fernande,Vorster,Fernande.Vorster@yopmail.com,Fernande.Vorster@gmail.com,firefighter
1033,Darlleen,Naashom,Darlleen.Naashom@yopmail.com,Darlleen.Naashom@gmail.com,police officer
1034,Ashlee,Elbertina,Ashlee.Elbertina@yopmail.com,Ashlee.Elbertina@gmail.com,firefighter
1035,Mamie,Carri,Mamie.Carri@yopmail.com,Mamie.Carri@gmail.com,police officer
1036,Sabina,Helfand,Sabina.Helfand@yopmail.com,Sabina.Helfand@gmail.com,worker
1037,Fayre,Flyn,Fayre.Flyn@yopmail.com,Fayre.Flyn@gmail.com,police officer
1038,Kenna,Cimbura,Kenna.Cimbura@yopmail.com,Kenna.Cimbura@gmail.com,developer
1039,Patricia,Garrison,Patricia.Garrison@yopmail.com,Patricia.Garrison@gmail.com,firefighter
1040,Carmela,Georgy,Carmela.Georgy@yopmail.com,Carmela.Georgy@gmail.com,developer
1041,Vere,Jacqui,Vere.Jacqui@yopmail.com,Vere.Jacqui@gmail.com,police officer
1042,Jasmina,Whittaker,Jasmina.Whittaker@yopmail.com,Jasmina.Whittaker@gmail.com,firefighter
1043,Shell,Katrine,Shell.Katrine@yopmail.com,Shell.Katrine@gmail.com,worker
1044,Genovera,Ashok,Genovera.Ashok@yopmail.com,Genovera.Ashok@gmail.com,firefighter
1045,Neila,Kat,Neila.Kat@yopmail.com,Neila.Kat@gmail.com,police officer
1046,Lorie,Dudley,Lorie.Dudley@yopmail.com,Lorie.Dudley@gmail.com,police officer
1047,Stacey,Dreda,Stacey.Dreda@yopmail.com,Stacey.Dreda@gmail.com,worker
1048,Madelle,Aida,Madelle.Aida@yopmail.com,Madelle.Aida@gmail.com,developer
1049,Hayley,Heisel,Hayley.Heisel@yopmail.com,Hayley.Heisel@gmail.com,developer
1050,Jackie,Emmaline,Jackie.Emmaline@yopmail.com,Jackie.Emmaline@gmail.com,firefighter
1051,Mellicent,Sacken,Mellicent.Sacken@yopmail.com,Mellicent.Sacken@gmail.com,developer
1052,Helena,Camden,Helena.Camden@yopmail.com,Helena.Camden@gmail.com,doctor
1053,Robinia,Chabot,Robinia.Chabot@yopmail.com,Robinia.Chabot@gmail.com,police officer
1054,Mary,Marsden,Mary.Marsden@yopmail.com,Mary.Marsden@gmail.com,worker
1055,Gabriellia,Sundin,Gabriellia.Sundin@yopmail.com,Gabriellia.Sundin@gmail.com,firefighter
1056,Briney,Lewes,Briney.Lewes@yopmail.com,Briney.Lewes@gmail.com,firefighter
1057,Randa,Eldrid,Randa.Eldrid@yopmail.com,Randa.Eldrid@gmail.com,police officer
1058,Jenda,Wittie,Jenda.Wittie@yopmail.com,Jenda.Wittie@gmail.com,developer
1059,Randa,Edee,Randa.Edee@yopmail.com,Randa.Edee@gmail.com,police officer
1060,Benita,Kellby,Benita.Kellby@yopmail.com,Benita.Kellby@gmail.com,doctor
1061,Cordi,Anastatius,Cordi.Anastatius@yopmail.com,Cordi.Anastatius@gmail.com,doctor
1062,Roseline,Lorain,Roseline.Lorain@yopmail.com,Roseline.Lorain@gmail.com,worker
1063,Heddie,Dom,Heddie.Dom@yopmail.com,Heddie.Dom@gmail.com,police officer
1064,Claresta,Bendick,Claresta.Bendick@yopmail.com,Claresta.Bendick@gmail.com,police officer
1065,Sheelagh,Pyle,Sheelagh.Pyle@yopmail.com,Sheelagh.Pyle@gmail.com,police officer
1066,Roslyn,Ventre,Roslyn.Ventre@yopmail.com,Roslyn.Ventre@gmail.com,police officer
1067,Vivia,Stacy,Vivia.Stacy@yopmail.com,Vivia.Stacy@gmail.com,worker
1068,Lynea,Ader,Lynea.Ader@yopmail.com,Lynea.Ader@gmail.com,doctor
1069,Bill,Brady,Bill.Brady@yopmail.com,Bill.Brady@gmail.com,developer
1070,Oona,Koehler,Oona.Koehler@yopmail.com,Oona.Koehler@gmail.com,firefighter
1071,Cecile,Hirsch,Cecile.Hirsch@yopmail.com,Cecile.Hirsch@gmail.com,doctor
1072,Karly,Naashom,Karly.Naashom@yopmail.com,Karly.Naashom@gmail.com,police officer
1073,Mamie,Timon,Mamie.Timon@yopmail.com,Mamie.Timon@gmail.com,firefighter
1074,Daune,Valoniah,Daune.Valoniah@yopmail.com,Daune.Valoniah@gmail.com,police officer
1075,Roxane,Ludewig,Roxane.Ludewig@yopmail.com,Roxane.Ludewig@gmail.com,worker
1076,Bill,Hanleigh,Bill.Hanleigh@yopmail.com,Bill.Hanleigh@gmail.com,police officer
1077,Rubie,Warthman,Rubie.Warthman@yopmail.com,Rubie.Warthman@gmail.com,worker
1078,Carilyn,Secrest,Carilyn.Secrest@yopmail.com,Carilyn.Secrest@gmail.com,worker
1079,Kalina,Darrell,Kalina.Darrell@yopmail.com,Kalina.Darrell@gmail.com,developer
1080,Tamqrah,Sperling,Tamqrah.Sperling@yopmail.com,Tamqrah.Sperling@gmail.com,worker
1081,Grier,Lumbard,Grier.Lumbard@yopmail.com,Grier.Lumbard@gmail.com,doctor
1082,Estell,Gombach,Estell.Gombach@yopmail.com,Estell.Gombach@gmail.com,firefighter
1083,Daryl,Cosenza,Daryl.Cosenza@yopmail.com,Daryl.Cosenza@gmail.com,doctor
1084,Violet,Zaslow,Violet.Zaslow@yopmail.com,Violet.Zaslow@gmail.com,developer
1085,Dorothy,Etom,Dorothy.Etom@yopmail.com,Dorothy.Etom@gmail.com,police officer
1086,Heddie,Kellby,Heddie.Kellby@yopmail.com,Heddie.Kellby@gmail.com,police officer
1087,Charlena,Gusella,Charlena.Gusella@yopmail.com,Charlena.Gusella@gmail.com,firefighter
1088,Lanae,Riordan,Lanae.Riordan@yopmail.com,Lanae.Riordan@gmail.com,police officer
1089,Donetta,Oriana,Donetta.Oriana@yopmail.com,Donetta.Oriana@gmail.com,worker
1090,Hollie,Laurianne,Hollie.Laurianne@yopmail.com,Hollie.Laurianne@gmail.com,police officer
1091,Ericka,Barbey,Ericka.Barbey@yopmail.com,Ericka.Barbey@gmail.com,police officer
1092,Dacia,Israeli,Dacia.Israeli@yopmail.com,Dacia.Israeli@gmail.com,firefighter
1093,Addia,Chaing,Addia.Chaing@yopmail.com,Addia.Chaing@gmail.com,police officer
1094,Ariela,Aldric,Ariela.Aldric@yopmail.com,Ariela.Aldric@gmail.com,firefighter
1095,Shel,Baylor,Shel.Baylor@yopmail.com,Shel.Baylor@gmail.com,police officer
1096,Bertine,Sigfrid,Bertine.Sigfrid@yopmail.com,Bertine.Sigfrid@gmail.com,police officer
1097,Aurelie,Shirberg,Aurelie.Shirberg@yopmail.com,Aurelie.Shirberg@gmail.com,doctor
1098,Collen,Wattenberg,Collen.Wattenberg@yopmail.com,Collen.Wattenberg@gmail.com,developer
1099,Gloria,Cristi,Gloria.Cristi@yopmail.com,Gloria.Cristi@gmail.com,firefighter